CLIENTNUM,Customer_Age,Gender,Dependent_count,Education_Level,Marital_Status,Income_Category,Card_Category,Months_on_book,Total_Relationship_Count,Months_Inactive_12_mon,Contacts_Count_12_mon,Credit_Limit,Total_Revolving_Bal,Avg_Open_To_Buy,Total_Amt_Chng_Q4_Q1,Total_Trans_Amt,Total_Trans_Ct,Total_Ct_Chng_Q4_Q1,Avg_Utilization_Ratio,Prediccion,Probabilidad
787800108.0,55.0,1.0,2.0,0.0,1.0,3.0,0.0,45.0,5.0,1.0,2.0,2929.0,2431.0,498.0,1.632,1903.0,39.0,0.625,0.83,1.0,0.9495955432598759
789187908.0,56.0,1.0,2.0,5.0,1.0,3.0,0.0,45.0,4.0,2.0,2.0,11102.0,1946.0,9156.0,0.625,1448.0,36.0,1.0,0.175,1.0,0.996336556436991
719182308.0,38.0,0.0,2.0,3.0,2.0,4.0,0.0,27.0,6.0,1.0,3.0,2096.0,1567.0,529.0,0.778,1559.0,49.0,1.042,0.748,1.0,0.998618334478771
816596583.0,45.0,1.0,2.0,1.0,1.0,3.0,0.0,40.0,6.0,3.0,1.0,11710.0,693.0,11017.0,0.914,1749.0,50.0,0.429,0.059,1.0,0.6810040911874454
771544533.0,42.0,0.0,5.0,3.0,1.0,5.0,0.0,30.0,3.0,1.0,4.0,3578.0,0.0,3578.0,0.759,1015.0,36.0,0.44,0.0,1.0,0.9879279540600804
712459233.0,59.0,0.0,1.0,4.0,1.0,1.0,0.0,46.0,5.0,3.0,3.0,1944.0,1346.0,598.0,1.052,1960.0,57.0,0.727,0.692,1.0,0.9909673105146602
778971408.0,36.0,1.0,4.0,1.0,1.0,2.0,0.0,17.0,5.0,2.0,4.0,2803.0,1848.0,955.0,0.614,1968.0,64.0,0.524,0.659,1.0,0.9999999999948486
721517208.0,41.0,1.0,4.0,6.0,1.0,4.0,0.0,30.0,4.0,6.0,1.0,2450.0,1967.0,483.0,0.589,1263.0,29.0,0.611,0.803,1.0,0.9991027400587323
803587533.0,33.0,1.0,1.0,5.0,2.0,2.0,0.0,28.0,6.0,3.0,4.0,2618.0,1812.0,806.0,0.706,3319.0,86.0,0.911,0.692,1.0,0.6072080849181435
716264358.0,53.0,1.0,3.0,5.0,1.0,3.0,0.0,42.0,2.0,1.0,2.0,26792.0,1836.0,24956.0,1.432,2398.0,47.0,0.88,0.069,1.0,0.9579365190645525
721333233.0,40.0,1.0,4.0,1.0,0.0,2.0,0.0,34.0,4.0,2.0,3.0,23138.0,1727.0,21411.0,0.693,1612.0,39.0,1.438,0.075,1.0,0.9998774984464589
717469158.0,46.0,1.0,2.0,6.0,1.0,3.0,0.0,30.0,6.0,3.0,0.0,18578.0,1385.0,17193.0,0.565,1606.0,54.0,0.421,0.075,1.0,0.9920529196568328
709979583.0,54.0,1.0,3.0,2.0,1.0,0.0,0.0,46.0,3.0,1.0,3.0,34516.0,854.0,33662.0,0.928,1999.0,54.0,0.8,0.025,1.0,0.9747711909238513
710032608.0,52.0,0.0,1.0,2.0,2.0,4.0,0.0,32.0,3.0,1.0,3.0,5927.0,2320.0,3607.0,0.544,1558.0,46.0,0.643,0.391,1.0,0.9592978960465833
789309558.0,31.0,1.0,2.0,0.0,1.0,4.0,0.0,21.0,6.0,2.0,4.0,2718.0,1920.0,798.0,1.604,2570.0,49.0,1.042,0.706,1.0,0.999999117675918
824165658.0,38.0,1.0,2.0,6.0,1.0,3.0,0.0,34.0,4.0,1.0,3.0,19259.0,2266.0,16993.0,0.92,1388.0,27.0,0.929,0.118,1.0,0.6037040284116741
780913308.0,43.0,1.0,3.0,6.0,2.0,2.0,0.0,34.0,6.0,2.0,0.0,13771.0,2517.0,11254.0,0.501,1510.0,42.0,0.75,0.183,1.0,0.994567579081843
806165208.0,47.0,1.0,1.0,1.0,0.0,2.0,0.0,42.0,5.0,2.0,0.0,20979.0,1800.0,19179.0,0.906,1178.0,27.0,0.929,0.086,1.0,0.9952865999864371
721433283.0,39.0,0.0,1.0,3.0,2.0,1.0,0.0,20.0,3.0,2.0,2.0,9956.0,1117.0,8839.0,0.515,1447.0,39.0,0.696,0.112,1.0,0.9439258753994417
710821833.0,65.0,1.0,1.0,6.0,1.0,1.0,0.0,54.0,6.0,2.0,3.0,9095.0,1587.0,7508.0,1.433,1314.0,26.0,1.364,0.174,1.0,0.9978844858980477
720511608.0,38.0,0.0,0.0,2.0,1.0,5.0,0.0,28.0,5.0,3.0,3.0,16049.0,799.0,15250.0,0.777,1989.0,33.0,0.571,0.05,0.0,0.12604970858922965
715216908.0,48.0,1.0,4.0,1.0,2.0,3.0,0.0,36.0,6.0,3.0,4.0,18102.0,1381.0,16721.0,0.513,1486.0,32.0,0.143,0.076,1.0,0.9647427433495047
718426533.0,42.0,1.0,4.0,5.0,0.0,2.0,0.0,32.0,4.0,1.0,2.0,5504.0,0.0,5504.0,0.62,1364.0,32.0,0.684,0.0,1.0,0.9986792070281592
721347408.0,55.0,0.0,1.0,3.0,2.0,4.0,0.0,43.0,4.0,2.0,0.0,2569.0,1403.0,1166.0,0.886,1456.0,39.0,0.444,0.546,1.0,0.9968315629562251
711374283.0,47.0,1.0,3.0,3.0,2.0,3.0,0.0,42.0,4.0,1.0,0.0,24480.0,1923.0,22557.0,0.505,1416.0,32.0,0.778,0.079,1.0,0.9528071614860274
820353558.0,41.0,0.0,3.0,3.0,1.0,1.0,0.0,36.0,4.0,1.0,2.0,9797.0,1434.0,8363.0,0.644,1503.0,34.0,0.478,0.146,0.0,0.3528630143615276
779759058.0,52.0,1.0,0.0,2.0,2.0,0.0,0.0,41.0,6.0,3.0,2.0,3386.0,1794.0,1592.0,0.671,1736.0,40.0,1.105,0.53,1.0,0.5665022570055254
780326883.0,53.0,1.0,2.0,1.0,1.0,2.0,0.0,40.0,3.0,3.0,3.0,11262.0,1435.0,9827.0,0.735,2165.0,61.0,0.649,0.127,1.0,0.9999998723680658
712757808.0,33.0,0.0,2.0,5.0,1.0,4.0,0.0,22.0,4.0,2.0,4.0,1544.0,0.0,1544.0,0.677,1731.0,40.0,0.739,0.0,1.0,0.9358342710053877
783020958.0,39.0,1.0,3.0,6.0,1.0,3.0,0.0,33.0,6.0,6.0,4.0,18582.0,794.0,17788.0,0.717,1836.0,46.0,0.586,0.043,1.0,0.9955254338577857
709816158.0,31.0,0.0,1.0,6.0,2.0,5.0,3.0,36.0,4.0,3.0,2.0,34516.0,0.0,34516.0,0.791,2183.0,60.0,1.069,0.0,1.0,0.7223965628905114
788485908.0,44.0,1.0,3.0,6.0,1.0,2.0,0.0,37.0,3.0,2.0,3.0,6224.0,0.0,6224.0,0.738,1463.0,34.0,0.889,0.0,1.0,0.9999999997267501
715973583.0,56.0,1.0,3.0,5.0,1.0,0.0,0.0,36.0,6.0,3.0,3.0,34516.0,1047.0,33469.0,0.61,1378.0,30.0,0.429,0.03,1.0,0.9911748870902479
714914583.0,40.0,0.0,4.0,2.0,2.0,4.0,0.0,27.0,6.0,2.0,3.0,3751.0,1521.0,2230.0,0.974,1060.0,30.0,1.308,0.405,1.0,0.9999999999976481
714772758.0,35.0,0.0,3.0,2.0,1.0,4.0,0.0,27.0,6.0,2.0,4.0,2926.0,1346.0,1580.0,0.834,1851.0,48.0,0.455,0.46,1.0,0.9242067874055983
715640358.0,43.0,1.0,3.0,3.0,2.0,1.0,0.0,36.0,6.0,3.0,3.0,4112.0,768.0,3344.0,0.413,1334.0,40.0,0.429,0.187,1.0,0.9999999447320798
714069858.0,53.0,1.0,3.0,2.0,1.0,2.0,0.0,36.0,4.0,3.0,2.0,3539.0,2517.0,1022.0,0.569,1677.0,45.0,0.5,0.711,1.0,0.9917156237265514
809608533.0,49.0,0.0,4.0,4.0,2.0,5.0,0.0,44.0,6.0,3.0,2.0,18206.0,1586.0,16620.0,0.921,1439.0,48.0,1.0,0.087,1.0,0.8628448240729916
795237183.0,51.0,0.0,2.0,2.0,1.0,1.0,0.0,45.0,3.0,2.0,4.0,5930.0,0.0,5930.0,1.19,2041.0,32.0,0.684,0.0,1.0,0.9421659894186563
713845083.0,41.0,0.0,4.0,3.0,2.0,4.0,0.0,36.0,6.0,2.0,3.0,4203.0,2517.0,1686.0,0.771,1489.0,43.0,0.536,0.599,1.0,0.8909421385885219
771040758.0,62.0,0.0,0.0,2.0,2.0,5.0,3.0,49.0,5.0,1.0,2.0,30310.0,0.0,30310.0,0.777,3703.0,91.0,0.492,0.0,1.0,0.6242668691630383
712636308.0,65.0,0.0,2.0,3.0,1.0,1.0,0.0,45.0,6.0,2.0,2.0,2658.0,1514.0,1144.0,1.193,1627.0,26.0,1.0,0.57,0.0,0.31929167213382803
711595833.0,46.0,1.0,3.0,0.0,1.0,2.0,0.0,36.0,5.0,2.0,2.0,9981.0,807.0,9174.0,0.655,1456.0,30.0,0.667,0.081,1.0,0.9999994872581404
779791008.0,43.0,1.0,3.0,3.0,1.0,3.0,0.0,32.0,6.0,2.0,3.0,5851.0,1660.0,4191.0,0.786,1572.0,38.0,0.52,0.284,1.0,0.9993990622299173
824805858.0,39.0,0.0,2.0,5.0,2.0,4.0,0.0,35.0,5.0,3.0,3.0,9235.0,1479.0,7756.0,0.843,1537.0,49.0,0.581,0.16,1.0,0.981958729418154
790145733.0,40.0,1.0,3.0,0.0,2.0,3.0,3.0,33.0,1.0,3.0,4.0,34516.0,0.0,34516.0,0.927,1112.0,26.0,0.368,0.0,1.0,0.999999929577547
715870758.0,35.0,1.0,4.0,2.0,1.0,0.0,0.0,30.0,4.0,3.0,4.0,34516.0,1018.0,33498.0,1.129,2350.0,55.0,0.774,0.029,1.0,0.9977168445612726
720814233.0,45.0,1.0,4.0,3.0,3.0,3.0,0.0,34.0,4.0,3.0,3.0,23539.0,1261.0,22278.0,0.484,1485.0,38.0,0.462,0.054,0.0,0.1607159509859872
785114808.0,46.0,1.0,2.0,4.0,2.0,1.0,3.0,40.0,4.0,2.0,2.0,15459.0,0.0,15459.0,0.789,1419.0,30.0,0.667,0.0,1.0,0.9986745293743025
720650208.0,40.0,0.0,3.0,0.0,3.0,1.0,0.0,22.0,3.0,3.0,3.0,12588.0,2005.0,10583.0,0.996,1561.0,26.0,1.0,0.159,1.0,0.999502863702297
816094233.0,37.0,1.0,1.0,3.0,1.0,0.0,0.0,32.0,6.0,2.0,2.0,17393.0,1409.0,15984.0,0.608,1692.0,38.0,0.652,0.081,1.0,0.9830777019123526
710251608.0,62.0,0.0,1.0,3.0,1.0,4.0,0.0,54.0,3.0,3.0,4.0,2941.0,1173.0,1768.0,0.436,1453.0,27.0,0.35,0.399,0.0,0.14282090971092443
719461008.0,51.0,1.0,2.0,3.0,1.0,2.0,0.0,38.0,5.0,3.0,2.0,22332.0,1748.0,20584.0,0.841,1318.0,28.0,0.647,0.078,1.0,0.5731858981157998
714886533.0,60.0,0.0,2.0,3.0,1.0,4.0,0.0,36.0,4.0,3.0,2.0,3460.0,2517.0,943.0,1.144,1752.0,34.0,1.125,0.727,1.0,0.9667682310567007
709120008.0,43.0,1.0,2.0,3.0,2.0,2.0,0.0,36.0,4.0,3.0,2.0,6976.0,0.0,6976.0,0.519,1217.0,39.0,1.438,0.0,1.0,0.9607504906961417
714753258.0,34.0,1.0,2.0,6.0,1.0,2.0,0.0,36.0,5.0,2.0,4.0,2379.0,1982.0,397.0,1.194,2966.0,50.0,1.381,0.833,0.0,0.062395220531046916
717961458.0,49.0,0.0,2.0,5.0,2.0,4.0,0.0,37.0,5.0,1.0,4.0,2934.0,2381.0,553.0,0.762,3396.0,64.0,0.778,0.812,1.0,0.968980196270179
779249583.0,56.0,0.0,1.0,2.0,1.0,4.0,0.0,38.0,4.0,3.0,3.0,2578.0,2462.0,116.0,1.707,1378.0,29.0,0.812,0.955,1.0,0.742142779349769
715745508.0,51.0,0.0,4.0,2.0,2.0,5.0,0.0,34.0,3.0,1.0,2.0,11221.0,1279.0,9942.0,1.116,1564.0,45.0,1.647,0.114,1.0,0.9999999994615152
794543958.0,53.0,1.0,1.0,2.0,0.0,3.0,0.0,35.0,5.0,4.0,2.0,34516.0,1219.0,33297.0,1.129,1590.0,27.0,2.0,0.035,0.0,0.059123067432720916
719452308.0,30.0,0.0,0.0,2.0,1.0,4.0,0.0,23.0,5.0,2.0,3.0,2498.0,1632.0,866.0,0.712,2048.0,35.0,1.188,0.653,1.0,0.9999988936308962
711757383.0,50.0,0.0,3.0,6.0,1.0,4.0,0.0,42.0,4.0,1.0,2.0,2240.0,0.0,2240.0,0.668,1905.0,39.0,0.345,0.0,1.0,0.981158449320246
719704308.0,56.0,0.0,4.0,3.0,1.0,1.0,0.0,36.0,5.0,1.0,1.0,2072.0,1543.0,529.0,0.486,1265.0,32.0,0.391,0.745,1.0,0.9863573947749731
711028308.0,44.0,0.0,4.0,2.0,1.0,4.0,0.0,36.0,4.0,1.0,0.0,1717.0,0.0,1717.0,0.619,1468.0,29.0,0.381,0.0,1.0,0.9870930328698496
717277833.0,27.0,0.0,1.0,2.0,2.0,5.0,0.0,13.0,6.0,2.0,4.0,2339.0,2080.0,259.0,1.067,2294.0,45.0,0.452,0.889,0.0,0.04335804200172333
771086208.0,57.0,0.0,2.0,2.0,1.0,4.0,0.0,44.0,3.0,4.0,4.0,6256.0,1530.0,4726.0,0.647,1629.0,43.0,0.344,0.245,1.0,0.8726856729616984
811005858.0,33.0,0.0,0.0,6.0,1.0,4.0,0.0,28.0,4.0,2.0,4.0,1438.3,0.0,1438.3,0.916,2914.0,70.0,0.591,0.0,0.0,0.33804376938467656
809292483.0,44.0,0.0,4.0,0.0,1.0,4.0,0.0,39.0,4.0,2.0,2.0,8128.0,1846.0,6282.0,0.857,1224.0,32.0,0.778,0.227,0.0,0.10246826450826196
716920908.0,52.0,1.0,4.0,3.0,1.0,3.0,0.0,42.0,6.0,1.0,0.0,5738.0,1112.0,4626.0,1.519,1922.0,48.0,0.655,0.194,1.0,0.9999999998943778
772360683.0,57.0,1.0,1.0,3.0,1.0,0.0,0.0,46.0,3.0,3.0,4.0,31762.0,2517.0,29245.0,0.735,1515.0,36.0,0.714,0.079,1.0,0.8934755480632376
779656908.0,40.0,1.0,1.0,2.0,1.0,1.0,0.0,23.0,6.0,3.0,2.0,6990.0,1378.0,5612.0,0.73,1479.0,29.0,0.611,0.197,1.0,0.8026326425965626
773146383.0,50.0,0.0,1.0,0.0,2.0,1.0,3.0,43.0,3.0,2.0,3.0,17304.0,2517.0,14787.0,1.449,1756.0,33.0,1.2,0.145,1.0,0.9999476335899955
717190533.0,49.0,1.0,4.0,3.0,1.0,2.0,0.0,36.0,6.0,3.0,2.0,12938.0,661.0,12277.0,0.725,1282.0,32.0,0.778,0.051,1.0,0.9999999996782378
748503708.0,54.0,0.0,1.0,3.0,2.0,4.0,0.0,47.0,6.0,4.0,3.0,2797.0,1627.0,1170.0,0.413,1566.0,36.0,0.714,0.582,1.0,0.9999996664667657
715859058.0,54.0,1.0,3.0,4.0,1.0,0.0,0.0,42.0,6.0,3.0,4.0,3092.0,2165.0,927.0,0.676,1369.0,37.0,0.542,0.7,1.0,0.9991987466768267
709311633.0,41.0,1.0,2.0,2.0,3.0,2.0,3.0,36.0,6.0,2.0,0.0,27000.0,0.0,27000.0,0.61,1209.0,39.0,0.3,0.0,0.0,0.45581977606701873
709220583.0,34.0,1.0,3.0,2.0,0.0,3.0,0.0,21.0,6.0,4.0,2.0,4670.0,0.0,4670.0,0.883,2256.0,56.0,0.6,0.0,1.0,0.9732240358474186
714111333.0,55.0,1.0,1.0,3.0,1.0,2.0,0.0,46.0,6.0,1.0,3.0,5381.0,0.0,5381.0,0.746,1910.0,38.0,1.0,0.0,1.0,0.6550634209133875
709942383.0,34.0,1.0,1.0,2.0,1.0,3.0,0.0,36.0,5.0,3.0,2.0,6313.0,782.0,5531.0,0.931,1703.0,34.0,0.889,0.124,0.0,0.013606922320762938
720680058.0,47.0,1.0,2.0,4.0,1.0,4.0,0.0,36.0,6.0,1.0,3.0,3888.0,1663.0,2225.0,0.664,1145.0,37.0,0.423,0.428,1.0,0.9995063524988611
709547658.0,39.0,1.0,2.0,5.0,2.0,2.0,0.0,36.0,5.0,3.0,3.0,13961.0,1299.0,12662.0,0.842,783.0,20.0,0.667,0.093,1.0,0.9386453775174477
715192308.0,48.0,1.0,2.0,3.0,1.0,0.0,0.0,36.0,6.0,5.0,2.0,29963.0,2094.0,27869.0,0.648,1205.0,28.0,0.867,0.07,1.0,0.9999999900781944
711848658.0,35.0,1.0,3.0,0.0,1.0,2.0,0.0,17.0,3.0,3.0,2.0,2259.0,1776.0,483.0,1.292,1790.0,31.0,0.824,0.786,1.0,0.9989064919567007
713693958.0,38.0,0.0,1.0,5.0,2.0,4.0,0.0,27.0,6.0,3.0,4.0,8638.0,0.0,8638.0,0.489,1295.0,29.0,0.381,0.0,0.0,0.45666663792971984
714957108.0,33.0,0.0,3.0,3.0,0.0,4.0,0.0,26.0,5.0,1.0,3.0,3616.0,0.0,3616.0,0.912,3133.0,72.0,1.0,0.0,1.0,0.892685730521795
715007583.0,61.0,0.0,0.0,6.0,3.0,5.0,0.0,36.0,4.0,2.0,2.0,1801.0,0.0,1801.0,1.234,3193.0,62.0,1.48,0.0,1.0,0.88303340308304
717561108.0,52.0,1.0,1.0,2.0,1.0,3.0,0.0,36.0,4.0,3.0,2.0,34516.0,549.0,33967.0,0.78,1629.0,32.0,0.778,0.016,1.0,0.8597940163858426
713086908.0,26.0,1.0,0.0,3.0,2.0,1.0,0.0,36.0,5.0,2.0,2.0,2212.0,1670.0,542.0,0.777,2520.0,51.0,0.545,0.755,1.0,0.7939489556089093
708099183.0,37.0,0.0,2.0,3.0,2.0,4.0,0.0,36.0,4.0,2.0,2.0,5723.0,1873.0,3850.0,0.851,2732.0,63.0,0.853,0.327,0.0,0.13800706687466843
709230708.0,56.0,1.0,4.0,5.0,2.0,4.0,0.0,36.0,3.0,2.0,2.0,3864.0,1654.0,2210.0,0.491,1470.0,42.0,0.235,0.428,1.0,0.8492456867107323
710149008.0,59.0,1.0,0.0,3.0,1.0,4.0,0.0,47.0,6.0,3.0,4.0,1479.0,787.0,692.0,0.865,2139.0,70.0,0.556,0.532,1.0,0.9942118369792502
797488158.0,52.0,1.0,2.0,3.0,1.0,2.0,0.0,46.0,5.0,3.0,0.0,14316.0,1081.0,13235.0,0.67,1313.0,36.0,0.636,0.076,1.0,0.9942720501242472
717904383.0,40.0,1.0,2.0,2.0,1.0,3.0,0.0,31.0,5.0,1.0,2.0,18693.0,2052.0,16641.0,0.5,1516.0,44.0,0.63,0.11,1.0,0.9999999960485759
715848408.0,61.0,1.0,1.0,2.0,3.0,3.0,0.0,52.0,6.0,6.0,1.0,8851.0,0.0,8851.0,0.731,1257.0,36.0,0.44,0.0,0.0,0.31607257472769573
814833408.0,56.0,1.0,2.0,1.0,1.0,2.0,0.0,51.0,3.0,3.0,4.0,6036.0,1409.0,4627.0,0.56,1741.0,45.0,0.364,0.233,1.0,0.8941745026759744
715381533.0,42.0,0.0,4.0,4.0,2.0,4.0,0.0,36.0,6.0,2.0,3.0,1438.3,674.0,764.3,1.769,2451.0,55.0,1.292,0.469,1.0,0.9979108395418248
717585858.0,35.0,0.0,4.0,3.0,2.0,5.0,0.0,24.0,5.0,2.0,4.0,16915.0,1679.0,15236.0,0.834,2795.0,55.0,0.833,0.099,1.0,0.9794059067087167
772684833.0,32.0,0.0,1.0,6.0,1.0,4.0,0.0,22.0,3.0,3.0,2.0,2642.0,2035.0,607.0,1.119,1761.0,42.0,0.909,0.77,1.0,0.9614404305942237
709186983.0,49.0,1.0,4.0,5.0,1.0,3.0,0.0,40.0,3.0,1.0,1.0,8714.0,2252.0,6462.0,0.831,1536.0,38.0,0.652,0.258,1.0,0.7367293349173951
715760733.0,58.0,1.0,4.0,3.0,1.0,1.0,0.0,47.0,6.0,3.0,4.0,7803.0,1885.0,5918.0,0.531,1199.0,25.0,0.316,0.242,1.0,0.7556674131631028
771742533.0,48.0,1.0,2.0,2.0,3.0,1.0,0.0,36.0,5.0,1.0,2.0,13068.0,1718.0,11350.0,0.607,937.0,28.0,0.556,0.131,1.0,0.9739148303726465
811604133.0,47.0,0.0,4.0,6.0,2.0,4.0,0.0,36.0,3.0,3.0,2.0,2492.0,1560.0,932.0,0.573,1126.0,23.0,0.353,0.626,1.0,0.871479842875197
710404533.0,50.0,1.0,2.0,2.0,1.0,3.0,0.0,37.0,6.0,2.0,1.0,1438.3,862.0,576.3,0.65,1391.0,40.0,0.212,0.599,1.0,0.9366783348752503
711173058.0,56.0,0.0,2.0,6.0,1.0,5.0,0.0,45.0,4.0,3.0,0.0,5406.0,1782.0,3624.0,0.976,1407.0,29.0,0.812,0.33,1.0,0.9999995927456075
712315683.0,53.0,0.0,2.0,5.0,2.0,4.0,0.0,45.0,1.0,1.0,1.0,1981.0,1518.0,463.0,1.019,973.0,25.0,0.923,0.766,1.0,0.998515719249884
809855808.0,51.0,0.0,2.0,2.0,1.0,4.0,0.0,46.0,5.0,2.0,2.0,5207.0,1650.0,3557.0,0.708,1339.0,20.0,0.538,0.317,1.0,0.9943646261976378
720392433.0,55.0,0.0,1.0,6.0,1.0,4.0,0.0,36.0,6.0,6.0,2.0,2857.0,2517.0,340.0,0.871,1869.0,47.0,0.567,0.881,1.0,0.9704667461822021
771816408.0,44.0,0.0,4.0,5.0,1.0,4.0,0.0,33.0,5.0,4.0,2.0,9671.0,704.0,8967.0,0.699,2955.0,66.0,0.941,0.073,1.0,0.6900798064271623
711864783.0,61.0,1.0,1.0,5.0,2.0,2.0,0.0,46.0,5.0,3.0,2.0,2201.0,1138.0,1063.0,0.675,1199.0,32.0,0.6,0.517,1.0,0.9990943538555251
814852533.0,50.0,1.0,1.0,2.0,1.0,3.0,0.0,45.0,3.0,2.0,2.0,16813.0,1185.0,15628.0,0.552,1482.0,46.0,0.643,0.07,1.0,0.9986566543480991
717787533.0,51.0,0.0,1.0,3.0,1.0,4.0,0.0,40.0,4.0,1.0,1.0,5158.0,2190.0,2968.0,0.426,1229.0,34.0,0.478,0.425,1.0,0.9997769760719761
788699808.0,38.0,0.0,4.0,6.0,2.0,5.0,0.0,14.0,4.0,1.0,2.0,4394.0,0.0,4394.0,0.889,1538.0,43.0,0.536,0.0,1.0,0.999999993766508
709624533.0,55.0,0.0,2.0,3.0,1.0,4.0,0.0,45.0,5.0,2.0,0.0,3187.0,2517.0,670.0,1.144,1627.0,38.0,0.652,0.79,0.0,0.04033675757303231
778461408.0,38.0,1.0,1.0,3.0,1.0,3.0,0.0,23.0,4.0,3.0,2.0,22149.0,987.0,21162.0,1.633,2409.0,36.0,0.8,0.045,1.0,0.6810129377182096
709000008.0,45.0,1.0,3.0,6.0,2.0,3.0,0.0,37.0,6.0,2.0,2.0,10651.0,672.0,9979.0,0.767,2073.0,54.0,0.543,0.063,0.0,0.05524444812299137
783910008.0,37.0,0.0,0.0,6.0,1.0,4.0,0.0,31.0,5.0,2.0,2.0,2684.0,1381.0,1303.0,0.794,2002.0,60.0,0.429,0.515,1.0,0.7850090676555552
824807658.0,45.0,1.0,3.0,2.0,1.0,2.0,0.0,41.0,6.0,3.0,3.0,9106.0,2477.0,6629.0,0.515,1239.0,33.0,0.737,0.272,1.0,0.8707218544665137
709986633.0,29.0,1.0,1.0,3.0,1.0,1.0,0.0,36.0,3.0,1.0,3.0,1438.3,0.0,1438.3,0.742,2144.0,41.0,0.577,0.0,1.0,0.9669308981087669
714964758.0,45.0,0.0,5.0,2.0,0.0,1.0,0.0,36.0,5.0,2.0,2.0,10400.0,1777.0,8623.0,0.791,1105.0,28.0,0.867,0.171,1.0,0.9891514811530542
713572683.0,44.0,1.0,3.0,3.0,3.0,2.0,0.0,25.0,3.0,3.0,0.0,1862.0,0.0,1862.0,0.883,1226.0,34.0,0.789,0.0,1.0,0.9985483538054353
801726933.0,34.0,1.0,2.0,2.0,1.0,0.0,0.0,28.0,4.0,3.0,3.0,13384.0,1853.0,11531.0,0.807,1899.0,33.0,0.833,0.138,1.0,0.7019499270048825
779320983.0,46.0,1.0,4.0,5.0,2.0,3.0,0.0,28.0,4.0,3.0,2.0,19843.0,1178.0,18665.0,0.909,1638.0,49.0,0.633,0.059,1.0,0.9986132038408855
714173808.0,44.0,0.0,4.0,2.0,2.0,4.0,0.0,34.0,5.0,1.0,2.0,4214.0,1249.0,2965.0,0.542,1389.0,34.0,0.478,0.296,1.0,0.9895263746187244
720662508.0,39.0,1.0,1.0,2.0,1.0,0.0,0.0,25.0,6.0,3.0,2.0,5764.0,1529.0,4235.0,1.356,1972.0,38.0,0.52,0.265,1.0,0.9999999968676185
708772308.0,41.0,1.0,3.0,5.0,1.0,3.0,0.0,24.0,4.0,3.0,3.0,4119.0,1656.0,2463.0,0.561,1455.0,35.0,0.667,0.402,1.0,0.7401174549059432
720191883.0,45.0,1.0,3.0,3.0,2.0,2.0,0.0,35.0,5.0,3.0,3.0,7050.0,659.0,6391.0,0.52,1236.0,36.0,1.0,0.093,1.0,0.9410366486364382
739117233.0,57.0,1.0,3.0,3.0,1.0,0.0,0.0,50.0,3.0,3.0,2.0,3205.0,1530.0,1675.0,0.673,2126.0,58.0,0.657,0.477,0.0,0.20854856191988713
720572508.0,38.0,0.0,4.0,2.0,2.0,5.0,0.0,28.0,2.0,3.0,3.0,9830.0,2055.0,7775.0,0.977,1042.0,23.0,0.917,0.209,1.0,0.856134305726952
712125258.0,46.0,1.0,4.0,3.0,1.0,0.0,0.0,30.0,3.0,3.0,3.0,2442.0,0.0,2442.0,0.98,701.0,19.0,0.727,0.0,1.0,0.9980983586759419
812788233.0,31.0,0.0,0.0,2.0,1.0,4.0,0.0,21.0,4.0,1.0,4.0,6315.0,1305.0,5010.0,0.542,2205.0,43.0,0.265,0.207,1.0,0.942915214593728
712168833.0,52.0,0.0,1.0,3.0,1.0,4.0,0.0,36.0,6.0,3.0,3.0,2133.0,1469.0,664.0,0.831,1426.0,37.0,0.682,0.689,1.0,0.7053507302458014
709735008.0,35.0,1.0,2.0,3.0,1.0,3.0,0.0,22.0,3.0,1.0,4.0,3023.0,1435.0,1588.0,0.62,1920.0,34.0,0.619,0.475,1.0,0.9883243596386626
770817783.0,47.0,1.0,4.0,2.0,1.0,2.0,3.0,33.0,3.0,2.0,1.0,34516.0,1679.0,32837.0,0.623,1060.0,27.0,0.5,0.049,0.0,0.18351855754197502
710893533.0,53.0,1.0,1.0,6.0,1.0,0.0,0.0,42.0,4.0,1.0,4.0,8329.0,877.0,7452.0,0.432,1570.0,56.0,0.333,0.105,1.0,0.9986425542367852
711876333.0,53.0,1.0,3.0,2.0,1.0,3.0,0.0,36.0,5.0,1.0,4.0,7290.0,2151.0,5139.0,0.583,1312.0,29.0,0.526,0.295,1.0,0.9579869342436114
716984658.0,49.0,1.0,1.0,2.0,1.0,0.0,0.0,39.0,3.0,2.0,3.0,34516.0,0.0,34516.0,0.507,1106.0,31.0,0.938,0.0,1.0,0.9911360848510868
758076408.0,50.0,1.0,2.0,6.0,2.0,1.0,0.0,43.0,2.0,1.0,3.0,1857.0,1603.0,254.0,0.579,1590.0,43.0,1.263,0.863,1.0,0.999471072866916
713574708.0,39.0,1.0,3.0,0.0,2.0,1.0,0.0,28.0,6.0,2.0,2.0,1640.0,1177.0,463.0,0.695,3124.0,66.0,0.784,0.718,0.0,0.2341021079188563
717511533.0,28.0,1.0,0.0,2.0,2.0,4.0,0.0,36.0,4.0,2.0,4.0,1707.0,1191.0,516.0,0.669,2950.0,87.0,0.977,0.698,0.0,0.1434225057111868
713843283.0,41.0,0.0,3.0,6.0,1.0,5.0,3.0,34.0,5.0,3.0,3.0,34516.0,2053.0,32463.0,1.034,1487.0,26.0,0.733,0.059,0.0,0.3783456895744015
714639783.0,42.0,1.0,3.0,0.0,1.0,2.0,0.0,34.0,3.0,3.0,3.0,13450.0,0.0,13450.0,0.742,1000.0,18.0,0.059,0.0,0.0,0.2082955258287051
717006333.0,54.0,1.0,3.0,3.0,1.0,3.0,0.0,36.0,6.0,1.0,2.0,1438.3,1133.0,305.3,0.759,1935.0,41.0,0.708,0.788,1.0,0.9915266563129213
778176108.0,61.0,1.0,0.0,3.0,2.0,2.0,0.0,51.0,4.0,2.0,2.0,5504.0,1412.0,4092.0,0.722,1290.0,38.0,0.462,0.257,1.0,0.897129441690052
709919283.0,54.0,1.0,4.0,2.0,1.0,3.0,0.0,34.0,2.0,3.0,2.0,14926.0,2517.0,12409.0,1.996,1576.0,25.0,1.5,0.169,1.0,0.9999999737646309
823606983.0,39.0,1.0,2.0,0.0,1.0,2.0,0.0,35.0,4.0,3.0,2.0,7410.0,2517.0,4893.0,1.924,2398.0,37.0,1.176,0.34,1.0,0.8217173771527342
713053383.0,42.0,1.0,3.0,2.0,1.0,3.0,0.0,36.0,1.0,1.0,3.0,34516.0,781.0,33735.0,0.803,853.0,12.0,0.091,0.023,1.0,0.9997665807082767
789048858.0,32.0,0.0,1.0,4.0,1.0,4.0,0.0,20.0,5.0,2.0,3.0,2234.0,1865.0,369.0,0.732,2115.0,59.0,0.439,0.835,1.0,0.5577687840545884
717599283.0,57.0,1.0,0.0,1.0,1.0,2.0,0.0,36.0,3.0,1.0,2.0,5335.0,1206.0,4129.0,0.69,1844.0,49.0,0.75,0.226,0.0,0.42954214249637845
813814008.0,53.0,0.0,1.0,3.0,1.0,4.0,0.0,48.0,6.0,3.0,2.0,2324.0,1576.0,748.0,0.728,1272.0,37.0,1.312,0.678,0.0,0.005987872519639902
720096558.0,55.0,0.0,2.0,2.0,1.0,4.0,0.0,42.0,5.0,3.0,3.0,2216.0,1034.0,1182.0,0.758,1540.0,36.0,0.286,0.467,0.0,0.02300384262847013
721265883.0,26.0,1.0,1.0,2.0,2.0,4.0,0.0,13.0,3.0,3.0,2.0,2174.0,1514.0,660.0,0.607,2510.0,44.0,0.294,0.696,1.0,0.9170055875549427
713346558.0,45.0,1.0,4.0,2.0,0.0,2.0,0.0,37.0,5.0,2.0,4.0,6784.0,891.0,5893.0,1.047,1900.0,28.0,0.556,0.131,1.0,0.9266903752550109
715271733.0,50.0,0.0,2.0,5.0,2.0,4.0,0.0,37.0,3.0,3.0,0.0,8520.0,814.0,7706.0,0.504,1193.0,35.0,0.346,0.096,0.0,0.11261565837561453
718621608.0,54.0,0.0,2.0,3.0,1.0,5.0,0.0,44.0,3.0,3.0,1.0,6094.0,0.0,6094.0,1.129,909.0,14.0,0.273,0.0,1.0,0.532308432797786
779351208.0,49.0,1.0,2.0,6.0,2.0,2.0,0.0,34.0,4.0,1.0,4.0,5176.0,0.0,5176.0,0.838,1902.0,56.0,0.931,0.0,1.0,0.9992238054383267
708744933.0,35.0,1.0,2.0,3.0,1.0,2.0,0.0,36.0,4.0,2.0,4.0,19127.0,1880.0,17247.0,0.788,1859.0,33.0,0.571,0.098,1.0,0.7631590357378494
715528983.0,46.0,1.0,5.0,5.0,0.0,2.0,0.0,36.0,3.0,1.0,2.0,17196.0,1646.0,15550.0,0.542,1466.0,41.0,1.278,0.096,1.0,0.9991161188664275
714974658.0,48.0,0.0,4.0,0.0,1.0,4.0,0.0,36.0,6.0,1.0,4.0,2464.0,1867.0,597.0,0.6,1219.0,35.0,1.333,0.758,1.0,0.9990825595699415
773448558.0,46.0,1.0,3.0,2.0,0.0,3.0,0.0,40.0,6.0,3.0,3.0,3673.0,2292.0,1381.0,0.637,1257.0,34.0,0.545,0.624,1.0,0.9926595673554113
813469458.0,26.0,0.0,1.0,2.0,2.0,1.0,0.0,20.0,6.0,3.0,3.0,1438.3,673.0,765.3,0.595,2167.0,48.0,0.412,0.468,1.0,0.6812107481950607
720122808.0,52.0,1.0,2.0,3.0,1.0,2.0,3.0,35.0,4.0,4.0,3.0,33180.0,511.0,32669.0,0.681,797.0,14.0,0.273,0.015,1.0,0.9739676138289294
772794108.0,46.0,0.0,3.0,1.0,2.0,4.0,0.0,36.0,5.0,1.0,4.0,2201.0,651.0,1550.0,0.825,3165.0,65.0,0.585,0.296,1.0,0.5661075174324349
712288158.0,37.0,1.0,2.0,0.0,1.0,3.0,0.0,17.0,5.0,3.0,2.0,4631.0,1991.0,2640.0,1.669,2864.0,37.0,0.947,0.43,0.0,0.09783108043335947
720314583.0,54.0,1.0,2.0,6.0,1.0,3.0,0.0,44.0,4.0,1.0,2.0,12902.0,1860.0,11042.0,0.492,1273.0,33.0,0.375,0.144,1.0,0.9971961746992342
710522433.0,65.0,1.0,0.0,2.0,1.0,4.0,0.0,46.0,3.0,2.0,2.0,2416.0,1499.0,917.0,0.905,2372.0,53.0,0.514,0.62,1.0,0.9997354227977392
716277558.0,45.0,0.0,1.0,5.0,2.0,4.0,0.0,36.0,4.0,3.0,4.0,3281.0,1961.0,1320.0,0.744,1779.0,47.0,0.808,0.598,1.0,0.9912714014192059
712655583.0,41.0,1.0,3.0,2.0,1.0,1.0,0.0,32.0,3.0,3.0,2.0,6425.0,915.0,5510.0,0.958,2036.0,44.0,0.692,0.142,1.0,0.9974124716838266
769574883.0,41.0,1.0,2.0,3.0,1.0,1.0,0.0,32.0,3.0,1.0,3.0,12804.0,2517.0,10287.0,0.892,1101.0,37.0,0.276,0.197,0.0,0.017368957051160053
718797558.0,39.0,0.0,1.0,2.0,1.0,5.0,0.0,30.0,3.0,2.0,3.0,2917.0,1357.0,1560.0,1.593,2422.0,46.0,0.438,0.465,1.0,0.9996612933600534
711157833.0,56.0,0.0,3.0,2.0,2.0,1.0,0.0,36.0,4.0,1.0,0.0,5108.0,1656.0,3452.0,0.711,1631.0,41.0,0.323,0.324,1.0,0.7772283406225157
720153258.0,53.0,0.0,2.0,0.0,2.0,4.0,0.0,45.0,6.0,3.0,3.0,6210.0,1083.0,5127.0,0.621,3095.0,62.0,0.59,0.174,0.0,0.05776845940816742
717321783.0,50.0,1.0,1.0,5.0,2.0,2.0,0.0,45.0,5.0,2.0,2.0,10344.0,1274.0,9070.0,0.445,1617.0,47.0,0.424,0.123,0.0,0.2555290034732715
785387883.0,47.0,0.0,3.0,3.0,2.0,1.0,0.0,41.0,4.0,3.0,3.0,3788.0,1540.0,2248.0,0.566,1594.0,47.0,0.382,0.407,0.0,0.4090440530634634
709328733.0,49.0,0.0,2.0,5.0,1.0,4.0,0.0,37.0,6.0,3.0,3.0,9723.0,2459.0,7264.0,0.444,1258.0,24.0,1.0,0.253,1.0,0.8320830981512141
779707308.0,35.0,0.0,1.0,2.0,1.0,4.0,0.0,18.0,5.0,1.0,2.0,7583.0,1619.0,5964.0,1.468,2229.0,53.0,1.208,0.214,1.0,0.8722522672444855
712049208.0,56.0,1.0,3.0,4.0,1.0,2.0,0.0,39.0,3.0,1.0,2.0,3955.0,2517.0,1438.0,0.484,1238.0,25.0,1.083,0.636,1.0,0.9997757669061881
804359133.0,55.0,1.0,0.0,3.0,1.0,0.0,0.0,49.0,5.0,3.0,3.0,3805.0,2233.0,1572.0,1.095,1743.0,27.0,0.929,0.587,1.0,0.9857176258205093
826478958.0,52.0,1.0,1.0,0.0,1.0,3.0,0.0,48.0,4.0,3.0,3.0,2066.0,1601.0,465.0,0.742,1578.0,41.0,0.414,0.775,1.0,0.9997547097327583
715855083.0,48.0,1.0,4.0,3.0,1.0,3.0,0.0,36.0,6.0,2.0,4.0,19762.0,507.0,19255.0,0.85,2793.0,67.0,0.595,0.026,1.0,0.8335905328003156
716620458.0,32.0,1.0,1.0,3.0,2.0,4.0,0.0,23.0,3.0,2.0,3.0,4500.0,0.0,4500.0,0.626,2439.0,63.0,0.703,0.0,0.0,0.10228853728998205
713010483.0,43.0,0.0,3.0,2.0,1.0,1.0,0.0,36.0,6.0,1.0,3.0,2936.0,2379.0,557.0,0.694,1572.0,57.0,0.676,0.81,1.0,0.999999910336673
710027508.0,61.0,1.0,0.0,2.0,1.0,2.0,0.0,54.0,3.0,2.0,0.0,1616.0,1047.0,569.0,0.984,1389.0,33.0,1.2,0.648,1.0,0.9995990652986745
768490458.0,49.0,1.0,2.0,5.0,1.0,3.0,0.0,43.0,1.0,3.0,3.0,5701.0,2517.0,3184.0,0.716,961.0,32.0,0.524,0.442,1.0,0.945715240365086
712940508.0,39.0,1.0,3.0,6.0,2.0,1.0,0.0,24.0,3.0,1.0,4.0,4562.0,1721.0,2841.0,0.896,1896.0,50.0,1.5,0.377,1.0,0.9969031735571576
788785083.0,44.0,0.0,3.0,0.0,3.0,4.0,0.0,25.0,6.0,3.0,2.0,3083.0,1040.0,2043.0,0.729,4311.0,78.0,0.56,0.337,1.0,0.9999999995755502
717631008.0,38.0,1.0,2.0,2.0,1.0,3.0,0.0,31.0,4.0,1.0,2.0,24296.0,0.0,24296.0,0.781,1886.0,48.0,0.5,0.0,1.0,0.9651728917269774
712720158.0,68.0,1.0,1.0,2.0,1.0,5.0,0.0,56.0,5.0,2.0,3.0,13860.0,1652.0,12208.0,1.255,1910.0,32.0,1.909,0.119,1.0,0.9995595322487127
712037358.0,30.0,1.0,0.0,6.0,1.0,2.0,0.0,23.0,3.0,3.0,2.0,5146.0,1773.0,3373.0,0.879,1509.0,45.0,0.667,0.345,0.0,0.317135236762975
816776283.0,42.0,1.0,4.0,3.0,3.0,3.0,1.0,37.0,5.0,1.0,2.0,34516.0,1797.0,32719.0,1.314,1534.0,30.0,0.875,0.052,1.0,0.994507490656908
716355783.0,36.0,1.0,3.0,6.0,1.0,2.0,0.0,30.0,5.0,2.0,3.0,13080.0,0.0,13080.0,0.685,1999.0,44.0,0.571,0.0,0.0,0.24954513836121267
802276683.0,56.0,1.0,3.0,2.0,1.0,3.0,0.0,50.0,3.0,3.0,3.0,8022.0,1372.0,6650.0,0.896,1794.0,31.0,1.385,0.171,1.0,0.6748827974734748
715247508.0,30.0,0.0,1.0,2.0,1.0,4.0,0.0,36.0,3.0,2.0,2.0,7087.0,1060.0,6027.0,0.709,1712.0,37.0,0.609,0.15,0.0,0.1898007698989896
714927333.0,62.0,0.0,0.0,2.0,1.0,5.0,0.0,52.0,6.0,3.0,2.0,9050.0,1538.0,7512.0,0.77,1542.0,43.0,0.654,0.17,1.0,0.843699534943007
710164683.0,33.0,1.0,1.0,2.0,1.0,2.0,0.0,22.0,3.0,1.0,3.0,2859.0,2517.0,342.0,1.254,2247.0,36.0,0.636,0.88,1.0,0.9736251728495414
713620308.0,46.0,0.0,2.0,3.0,1.0,4.0,0.0,35.0,6.0,4.0,3.0,4675.0,1734.0,2941.0,0.413,1232.0,34.0,0.545,0.371,1.0,0.9610526999962627
713539833.0,48.0,0.0,4.0,3.0,2.0,1.0,0.0,38.0,6.0,1.0,3.0,8135.0,0.0,8135.0,1.373,1716.0,29.0,0.812,0.0,1.0,0.9798544453805784
711224733.0,32.0,1.0,0.0,3.0,1.0,0.0,0.0,27.0,3.0,3.0,4.0,22382.0,0.0,22382.0,0.418,695.0,10.0,0.25,0.0,1.0,0.998626389079165
772288758.0,47.0,0.0,4.0,2.0,1.0,5.0,0.0,36.0,4.0,1.0,3.0,5349.0,1228.0,4121.0,0.728,1343.0,30.0,1.308,0.23,1.0,0.999997263129331
710790258.0,47.0,1.0,2.0,2.0,1.0,3.0,0.0,38.0,6.0,3.0,2.0,28904.0,1899.0,27005.0,0.85,1334.0,35.0,0.4,0.066,1.0,0.8047209753574597
714264408.0,47.0,0.0,3.0,5.0,1.0,4.0,0.0,36.0,4.0,1.0,0.0,1611.0,746.0,865.0,0.993,1413.0,29.0,0.706,0.463,1.0,0.9999999993477608
709858533.0,29.0,1.0,2.0,2.0,0.0,4.0,0.0,20.0,4.0,1.0,2.0,2462.0,2021.0,441.0,0.966,2320.0,57.0,0.676,0.821,1.0,0.979412307046174
735565158.0,46.0,1.0,4.0,2.0,1.0,2.0,0.0,33.0,6.0,2.0,2.0,21548.0,1180.0,20368.0,0.52,1582.0,38.0,0.652,0.055,1.0,0.9999999999358522
720603558.0,36.0,1.0,4.0,2.0,2.0,2.0,0.0,36.0,3.0,2.0,1.0,20337.0,1605.0,18732.0,0.805,2460.0,74.0,1.312,0.079,1.0,0.8476607018792308
758583708.0,37.0,0.0,3.0,2.0,2.0,4.0,0.0,24.0,2.0,1.0,4.0,2802.0,2460.0,342.0,1.029,1406.0,28.0,0.077,0.878,1.0,0.9974893115702493
708864708.0,46.0,1.0,3.0,0.0,3.0,3.0,0.0,36.0,4.0,2.0,2.0,24869.0,1729.0,23140.0,0.408,1409.0,36.0,0.5,0.07,1.0,0.9932265408803849
710180958.0,43.0,1.0,3.0,3.0,2.0,1.0,0.0,33.0,5.0,2.0,3.0,3040.0,2517.0,523.0,0.493,1598.0,31.0,0.476,0.828,1.0,0.9983679716198218
708868233.0,68.0,1.0,0.0,3.0,1.0,4.0,0.0,52.0,1.0,3.0,2.0,1438.3,900.0,538.3,0.743,760.0,21.0,0.615,0.626,1.0,0.9227488406949881
827360883.0,47.0,0.0,3.0,3.0,1.0,5.0,0.0,43.0,4.0,3.0,2.0,13473.0,1335.0,12138.0,0.814,1593.0,46.0,0.484,0.099,0.0,0.21588810981479764
789760233.0,29.0,1.0,0.0,6.0,0.0,3.0,0.0,14.0,6.0,3.0,3.0,3544.0,0.0,3544.0,0.718,2435.0,63.0,1.032,0.0,1.0,0.9955494410625945
715362183.0,40.0,0.0,4.0,2.0,1.0,5.0,0.0,36.0,3.0,1.0,2.0,3706.0,1043.0,2663.0,0.384,1688.0,38.0,0.583,0.281,1.0,0.9829834815116805
719580033.0,54.0,1.0,1.0,2.0,3.0,2.0,0.0,43.0,4.0,2.0,3.0,2910.0,2030.0,880.0,0.769,1256.0,21.0,0.4,0.698,1.0,0.996831919461101
769145733.0,36.0,1.0,3.0,2.0,2.0,2.0,0.0,30.0,3.0,4.0,3.0,2789.0,1584.0,1205.0,0.996,2688.0,60.0,0.714,0.568,1.0,0.9813029815198886
711019308.0,58.0,1.0,2.0,3.0,2.0,2.0,0.0,45.0,3.0,2.0,0.0,6385.0,1535.0,4850.0,1.138,1612.0,47.0,0.88,0.24,1.0,0.9738397050679085
710653158.0,39.0,0.0,4.0,2.0,1.0,5.0,0.0,21.0,6.0,1.0,4.0,5024.0,1613.0,3411.0,0.758,1925.0,40.0,0.667,0.321,1.0,0.9935355484271481
827631483.0,57.0,1.0,1.0,3.0,1.0,3.0,0.0,53.0,3.0,2.0,4.0,25058.0,1710.0,23348.0,0.613,2053.0,55.0,0.528,0.068,1.0,0.6178382723083211
714426783.0,38.0,0.0,2.0,2.0,2.0,5.0,0.0,31.0,2.0,3.0,2.0,14041.0,2154.0,11887.0,1.084,1467.0,29.0,1.417,0.153,1.0,0.9873659005489405
744764433.0,55.0,1.0,2.0,5.0,1.0,0.0,0.0,48.0,5.0,2.0,3.0,30967.0,817.0,30150.0,0.378,1473.0,35.0,0.522,0.026,1.0,0.9920373515920909
721234308.0,35.0,0.0,2.0,5.0,1.0,4.0,0.0,21.0,6.0,2.0,3.0,5825.0,1815.0,4010.0,1.132,2820.0,62.0,0.879,0.312,1.0,0.6243799411026474
710104908.0,56.0,0.0,5.0,0.0,2.0,4.0,0.0,43.0,4.0,1.0,0.0,2763.0,2517.0,246.0,0.938,1246.0,31.0,0.824,0.911,1.0,0.9970796441436386
716493408.0,45.0,0.0,4.0,5.0,0.0,5.0,0.0,36.0,4.0,3.0,3.0,15875.0,1719.0,14156.0,0.86,1592.0,37.0,1.467,0.108,1.0,0.6096332642553739
718281408.0,36.0,0.0,2.0,6.0,1.0,1.0,0.0,25.0,3.0,1.0,2.0,4789.0,1257.0,3532.0,1.134,1534.0,29.0,0.933,0.262,1.0,0.7885949937088664
716284308.0,65.0,1.0,2.0,2.0,1.0,5.0,0.0,55.0,3.0,2.0,2.0,6099.0,2175.0,3924.0,0.582,1319.0,34.0,0.545,0.357,0.0,0.3426795683222736
720267033.0,34.0,1.0,4.0,4.0,2.0,3.0,0.0,26.0,3.0,3.0,2.0,5100.0,1786.0,3314.0,1.06,2375.0,63.0,0.575,0.35,1.0,0.9926924943039135
709207458.0,44.0,1.0,3.0,2.0,1.0,1.0,0.0,27.0,4.0,2.0,3.0,10747.0,1603.0,9144.0,0.471,1340.0,25.0,0.923,0.149,1.0,0.580673970310377
714618333.0,39.0,0.0,2.0,1.0,1.0,5.0,0.0,36.0,3.0,2.0,4.0,9843.0,2154.0,7689.0,0.733,1402.0,35.0,0.667,0.219,1.0,0.9495566436223575
709528308.0,53.0,1.0,4.0,3.0,1.0,3.0,0.0,46.0,4.0,2.0,3.0,15242.0,1170.0,14072.0,0.496,1876.0,57.0,0.5,0.077,1.0,0.9763697928477953
713827383.0,65.0,0.0,1.0,3.0,1.0,4.0,0.0,36.0,3.0,2.0,0.0,3198.0,2493.0,705.0,0.665,1936.0,44.0,1.316,0.78,1.0,0.9999999989313793
767695083.0,50.0,1.0,2.0,2.0,1.0,3.0,0.0,44.0,3.0,3.0,0.0,4589.0,0.0,4589.0,0.845,1590.0,37.0,0.37,0.0,1.0,0.980304452966351
716522583.0,48.0,0.0,3.0,0.0,0.0,4.0,0.0,36.0,4.0,3.0,3.0,2335.0,1845.0,490.0,0.537,1362.0,33.0,0.269,0.79,1.0,0.9930546811636111
818908833.0,46.0,1.0,3.0,2.0,1.0,1.0,0.0,41.0,5.0,2.0,2.0,2564.0,0.0,2564.0,1.026,2038.0,45.0,0.364,0.0,0.0,0.12646322043856234
708860358.0,38.0,1.0,3.0,3.0,1.0,3.0,0.0,22.0,4.0,2.0,3.0,6361.0,694.0,5667.0,0.844,1499.0,31.0,0.938,0.109,1.0,0.9999989818683832
778399008.0,50.0,1.0,0.0,3.0,1.0,3.0,0.0,30.0,3.0,4.0,2.0,4252.0,0.0,4252.0,0.478,1598.0,45.0,0.324,0.0,1.0,0.9885376149083147
711509658.0,61.0,1.0,2.0,2.0,1.0,0.0,0.0,49.0,3.0,0.0,4.0,11374.0,2517.0,8857.0,1.015,1088.0,26.0,1.167,0.221,1.0,0.8549535850558736
708528483.0,43.0,0.0,4.0,2.0,0.0,5.0,0.0,23.0,6.0,3.0,2.0,3187.0,2430.0,757.0,0.617,1387.0,33.0,1.357,0.762,1.0,0.995545271224271
780054258.0,40.0,1.0,5.0,2.0,3.0,1.0,0.0,25.0,6.0,2.0,3.0,7860.0,541.0,7319.0,0.764,1367.0,35.0,0.75,0.069,1.0,0.6417726583948096
788977833.0,61.0,1.0,0.0,5.0,1.0,3.0,0.0,48.0,2.0,1.0,0.0,5362.0,1274.0,4088.0,1.015,1876.0,41.0,0.783,0.238,1.0,0.6858484278253516
714893733.0,55.0,1.0,1.0,3.0,1.0,3.0,0.0,45.0,3.0,3.0,3.0,16794.0,809.0,15985.0,1.566,1917.0,33.0,0.941,0.048,1.0,0.7850231146706016
787494783.0,58.0,1.0,3.0,3.0,1.0,2.0,0.0,46.0,5.0,3.0,2.0,8184.0,1205.0,6979.0,0.965,2140.0,49.0,0.69,0.147,1.0,0.9675192968389307
721344858.0,26.0,1.0,0.0,5.0,2.0,4.0,0.0,13.0,4.0,4.0,4.0,2237.0,451.0,1786.0,0.837,2192.0,36.0,0.44,0.202,1.0,0.5268936770667825
720475233.0,50.0,0.0,2.0,3.0,1.0,4.0,0.0,43.0,6.0,2.0,3.0,2927.0,1412.0,1515.0,0.763,1474.0,26.0,0.857,0.482,1.0,0.7812421853904805
708347583.0,37.0,0.0,4.0,5.0,1.0,4.0,0.0,36.0,4.0,1.0,4.0,2509.0,1144.0,1365.0,0.692,1804.0,38.0,0.583,0.456,1.0,0.9297675218361073
715279683.0,52.0,0.0,2.0,5.0,1.0,1.0,0.0,36.0,5.0,1.0,4.0,1438.3,0.0,1438.3,0.529,1679.0,39.0,0.5,0.0,1.0,0.9818316812720862
787570758.0,35.0,1.0,2.0,5.0,1.0,0.0,0.0,26.0,3.0,3.0,4.0,2944.0,1596.0,1348.0,0.737,2070.0,44.0,0.467,0.542,1.0,0.999999867062785
794664183.0,38.0,1.0,0.0,5.0,1.0,2.0,0.0,19.0,3.0,1.0,3.0,3238.0,2146.0,1092.0,0.673,1501.0,45.0,0.667,0.663,1.0,0.9285313706721334
799000008.0,57.0,1.0,2.0,4.0,0.0,0.0,0.0,51.0,4.0,1.0,1.0,26437.0,1472.0,24965.0,0.742,1244.0,36.0,0.5,0.056,1.0,0.9990273829003332
819258408.0,47.0,0.0,5.0,2.0,2.0,4.0,0.0,42.0,4.0,2.0,4.0,2224.0,1106.0,1118.0,0.501,1698.0,41.0,0.367,0.497,1.0,0.9998480131067341
718759833.0,44.0,0.0,2.0,5.0,1.0,5.0,3.0,35.0,4.0,3.0,2.0,32643.0,0.0,32643.0,1.3,1058.0,24.0,2.429,0.0,1.0,0.9835180568039399
713943783.0,41.0,1.0,4.0,4.0,1.0,2.0,0.0,32.0,5.0,3.0,2.0,18001.0,906.0,17095.0,0.62,1194.0,25.0,0.471,0.05,1.0,0.9979677797143063
715074258.0,26.0,0.0,0.0,2.0,2.0,1.0,0.0,36.0,5.0,3.0,3.0,3930.0,0.0,3930.0,0.758,2067.0,42.0,0.355,0.0,0.0,0.19602865037470005
709035708.0,38.0,0.0,0.0,6.0,1.0,4.0,0.0,36.0,4.0,2.0,3.0,1841.0,1246.0,595.0,0.759,1819.0,35.0,0.522,0.677,0.0,0.04985935692251791
717581658.0,49.0,1.0,2.0,6.0,2.0,2.0,0.0,38.0,4.0,1.0,2.0,2461.0,1586.0,875.0,1.676,1729.0,35.0,0.75,0.644,1.0,0.9997783777931866
788950158.0,36.0,1.0,2.0,0.0,3.0,3.0,0.0,22.0,2.0,2.0,3.0,34516.0,1652.0,32864.0,0.854,1283.0,39.0,1.294,0.048,1.0,0.9937572686901349
826723308.0,58.0,1.0,3.0,0.0,1.0,0.0,0.0,54.0,5.0,1.0,4.0,3452.0,2088.0,1364.0,0.768,1008.0,21.0,0.4,0.605,0.0,0.04107216297475924
787543008.0,37.0,1.0,1.0,2.0,2.0,1.0,0.0,27.0,5.0,3.0,4.0,3851.0,1695.0,2156.0,0.717,2349.0,61.0,0.968,0.44,1.0,0.9889030991123957
711985833.0,38.0,0.0,4.0,5.0,2.0,4.0,0.0,30.0,4.0,1.0,0.0,2569.0,1605.0,964.0,0.574,1190.0,46.0,0.643,0.625,1.0,0.9916485086892967
711119358.0,38.0,1.0,3.0,6.0,1.0,2.0,0.0,31.0,6.0,1.0,2.0,2014.0,896.0,1118.0,1.055,2460.0,52.0,0.857,0.445,0.0,0.4242999864499889
712275108.0,53.0,0.0,3.0,0.0,1.0,1.0,0.0,33.0,4.0,3.0,3.0,5146.0,1618.0,3528.0,1.073,1955.0,44.0,0.76,0.314,1.0,0.9078309004861388
718803333.0,43.0,0.0,4.0,2.0,0.0,4.0,0.0,34.0,2.0,3.0,1.0,3195.0,1954.0,1241.0,0.971,1285.0,29.0,0.706,0.612,0.0,0.49586463564549266
779519058.0,51.0,0.0,3.0,4.0,0.0,5.0,2.0,34.0,3.0,1.0,2.0,34516.0,1578.0,32938.0,0.725,1929.0,40.0,0.481,0.046,0.0,0.31178938921047533
778663458.0,65.0,1.0,1.0,3.0,1.0,4.0,0.0,47.0,3.0,2.0,1.0,1759.0,0.0,1759.0,1.058,821.0,18.0,0.5,0.0,1.0,0.8337363534357395
787516908.0,56.0,0.0,2.0,2.0,1.0,4.0,0.0,45.0,4.0,3.0,3.0,2665.0,1844.0,821.0,0.554,1880.0,58.0,0.758,0.692,1.0,0.9915514927772889
718415133.0,38.0,1.0,1.0,5.0,1.0,3.0,0.0,25.0,6.0,1.0,3.0,11352.0,0.0,11352.0,1.324,1601.0,34.0,1.125,0.0,1.0,0.9999987207775771
708162558.0,64.0,0.0,0.0,5.0,1.0,5.0,0.0,54.0,6.0,1.0,2.0,3250.0,1992.0,1258.0,0.715,1355.0,36.0,0.565,0.613,1.0,0.9995195550883275
713992158.0,57.0,0.0,4.0,6.0,1.0,4.0,0.0,36.0,3.0,1.0,2.0,2159.0,1004.0,1155.0,0.603,1353.0,30.0,0.111,0.465,0.0,0.06813789494671144
720141408.0,49.0,0.0,2.0,2.0,2.0,4.0,0.0,31.0,5.0,1.0,2.0,5456.0,951.0,4505.0,0.737,1096.0,27.0,0.588,0.174,1.0,0.998352166403556
719517258.0,57.0,1.0,4.0,6.0,2.0,3.0,0.0,36.0,5.0,3.0,4.0,7558.0,1364.0,6194.0,0.719,3676.0,67.0,0.558,0.18,1.0,0.9234314917625976
719358333.0,36.0,1.0,4.0,5.0,1.0,1.0,0.0,28.0,3.0,1.0,4.0,2157.0,574.0,1583.0,0.825,1663.0,33.0,0.32,0.266,1.0,0.9640360617796078
719648358.0,50.0,1.0,2.0,2.0,2.0,3.0,0.0,35.0,3.0,3.0,1.0,2514.0,1521.0,993.0,0.638,1636.0,36.0,0.385,0.605,1.0,0.9812398261310006
718971333.0,33.0,1.0,1.0,2.0,2.0,3.0,0.0,20.0,5.0,3.0,2.0,13206.0,925.0,12281.0,0.766,2342.0,51.0,1.318,0.07,1.0,0.7852711931551897
718490658.0,50.0,0.0,1.0,2.0,2.0,4.0,0.0,36.0,4.0,1.0,3.0,5012.0,2242.0,2770.0,0.816,1142.0,28.0,1.0,0.447,1.0,0.9992894002588288
717701733.0,44.0,1.0,2.0,2.0,1.0,3.0,0.0,35.0,3.0,2.0,2.0,11910.0,2098.0,9812.0,1.16,1646.0,39.0,1.294,0.176,0.0,0.04729903021076153
789322833.0,48.0,0.0,5.0,3.0,1.0,4.0,0.0,38.0,1.0,3.0,3.0,8025.0,0.0,8025.0,0.654,673.0,18.0,0.8,0.0,1.0,0.9364938284000793
789368658.0,57.0,1.0,2.0,2.0,1.0,3.0,0.0,47.0,6.0,2.0,3.0,2092.0,1387.0,705.0,0.731,1468.0,30.0,0.304,0.663,1.0,0.7015155886099146
784725333.0,41.0,1.0,3.0,3.0,1.0,1.0,0.0,33.0,4.0,2.0,1.0,4470.0,680.0,3790.0,1.608,931.0,18.0,1.571,0.152,0.0,0.07852607908425072
719661558.0,48.0,1.0,2.0,2.0,2.0,3.0,0.0,36.0,6.0,3.0,3.0,11656.0,1677.0,9979.0,1.524,1441.0,32.0,0.882,0.144,1.0,0.9966184746514679
717198633.0,53.0,0.0,2.0,0.0,1.0,1.0,0.0,34.0,6.0,2.0,1.0,2075.0,1469.0,606.0,1.322,2556.0,49.0,1.13,0.708,0.0,0.05470380178479065
711048783.0,41.0,1.0,4.0,1.0,1.0,3.0,0.0,29.0,3.0,3.0,3.0,33405.0,0.0,33405.0,0.535,1345.0,34.0,0.619,0.0,1.0,0.979254214357777
818770008.0,49.0,0.0,5.0,2.0,2.0,4.0,0.0,44.0,6.0,1.0,2.0,8256.0,864.0,7392.0,1.541,1291.0,33.0,3.714,0.105,1.0,0.8613808060302425
711809283.0,31.0,1.0,1.0,6.0,1.0,4.0,0.0,36.0,3.0,3.0,3.0,1868.0,1515.0,353.0,1.359,2229.0,35.0,0.667,0.811,1.0,0.9259158480950165
716162583.0,45.0,0.0,0.0,6.0,2.0,4.0,0.0,36.0,6.0,2.0,3.0,3230.0,2517.0,713.0,0.615,1931.0,57.0,0.425,0.779,0.0,0.30385329798033694
716210283.0,36.0,0.0,1.0,3.0,1.0,5.0,0.0,36.0,6.0,3.0,4.0,8500.0,2517.0,5983.0,0.445,1618.0,37.0,1.312,0.296,1.0,0.6261946866954042
717806133.0,40.0,1.0,2.0,5.0,0.0,2.0,0.0,29.0,5.0,3.0,0.0,23603.0,0.0,23603.0,0.795,1382.0,31.0,1.067,0.0,1.0,0.9802558389890016
780598383.0,35.0,1.0,3.0,1.0,2.0,1.0,0.0,23.0,4.0,3.0,2.0,2148.0,1545.0,603.0,0.682,2167.0,65.0,0.512,0.719,1.0,0.9999999999689564
778686408.0,48.0,1.0,1.0,0.0,1.0,2.0,0.0,29.0,4.0,3.0,2.0,19324.0,1040.0,18284.0,0.904,1744.0,50.0,0.852,0.054,1.0,0.746157373723067
715203108.0,63.0,1.0,2.0,3.0,1.0,1.0,0.0,36.0,2.0,2.0,2.0,5007.0,930.0,4077.0,0.885,1050.0,28.0,1.154,0.186,1.0,0.6148697556906377
709452633.0,56.0,0.0,4.0,3.0,2.0,4.0,0.0,36.0,3.0,1.0,3.0,8881.0,2145.0,6736.0,0.705,2027.0,49.0,0.815,0.242,1.0,0.9990574373788628
713241033.0,34.0,1.0,0.0,2.0,1.0,2.0,0.0,26.0,4.0,3.0,3.0,5175.0,977.0,4198.0,1.705,2405.0,49.0,0.885,0.189,1.0,0.9990047792886547
717127083.0,37.0,1.0,3.0,2.0,1.0,0.0,0.0,25.0,3.0,3.0,0.0,15017.0,1733.0,13284.0,0.635,2076.0,58.0,0.487,0.115,1.0,0.9632203393649871
714939708.0,45.0,1.0,3.0,2.0,2.0,3.0,0.0,36.0,6.0,1.0,3.0,12810.0,0.0,12810.0,1.363,3174.0,74.0,1.114,0.0,1.0,0.9977315590465975
711688158.0,47.0,1.0,5.0,2.0,2.0,0.0,0.0,27.0,5.0,3.0,4.0,11760.0,2306.0,9454.0,0.616,1498.0,49.0,0.96,0.196,1.0,0.9731265827286695
781326483.0,31.0,1.0,0.0,2.0,0.0,2.0,0.0,25.0,6.0,1.0,2.0,8673.0,0.0,8673.0,0.876,2457.0,58.0,0.933,0.0,1.0,0.9998348684712778
779611008.0,29.0,1.0,0.0,2.0,1.0,1.0,0.0,18.0,4.0,3.0,4.0,4532.0,0.0,4532.0,0.734,1885.0,55.0,0.528,0.0,1.0,0.8928845049061738
758348808.0,51.0,1.0,2.0,2.0,1.0,0.0,0.0,44.0,4.0,3.0,3.0,34516.0,1666.0,32850.0,0.613,1218.0,18.0,0.8,0.048,1.0,0.9989037789144212
789562383.0,38.0,0.0,1.0,3.0,3.0,4.0,0.0,30.0,2.0,3.0,0.0,1438.3,583.0,855.3,0.888,1259.0,24.0,1.0,0.405,1.0,0.9902473013996209
710573808.0,55.0,1.0,2.0,6.0,2.0,2.0,0.0,36.0,6.0,3.0,3.0,2243.0,1418.0,825.0,0.39,1334.0,31.0,0.409,0.632,0.0,0.2722705807842506
714804483.0,48.0,1.0,3.0,0.0,0.0,1.0,0.0,36.0,3.0,3.0,3.0,12159.0,1665.0,10494.0,0.608,1426.0,34.0,0.545,0.137,1.0,0.5999999720018008
709974108.0,35.0,0.0,1.0,2.0,2.0,4.0,0.0,23.0,4.0,3.0,3.0,2640.0,1051.0,1589.0,0.833,3116.0,80.0,0.6,0.398,1.0,0.9830059599212407
713172408.0,54.0,1.0,1.0,6.0,1.0,3.0,0.0,43.0,4.0,2.0,4.0,32558.0,2016.0,30542.0,0.506,1440.0,37.0,0.423,0.062,1.0,0.9989554376685473
769411758.0,43.0,1.0,1.0,2.0,2.0,2.0,0.0,37.0,4.0,3.0,4.0,20013.0,922.0,19091.0,0.655,1518.0,39.0,0.625,0.046,1.0,0.9576744764080244
808750458.0,32.0,1.0,1.0,1.0,2.0,2.0,0.0,27.0,5.0,3.0,3.0,10029.0,606.0,9423.0,0.727,2192.0,58.0,0.657,0.06,1.0,0.998246787756618
719712633.0,64.0,1.0,1.0,2.0,1.0,4.0,0.0,52.0,6.0,4.0,3.0,1709.0,895.0,814.0,1.656,1673.0,32.0,0.882,0.524,1.0,0.9878976075614865
716297658.0,37.0,1.0,2.0,2.0,2.0,3.0,0.0,36.0,4.0,1.0,4.0,14926.0,0.0,14926.0,0.635,2405.0,55.0,0.667,0.0,1.0,0.9621730575743676
711109908.0,43.0,0.0,4.0,5.0,1.0,4.0,0.0,36.0,2.0,1.0,1.0,9684.0,2475.0,7209.0,0.697,1400.0,31.0,2.1,0.256,1.0,0.9991234783473666
806392908.0,52.0,0.0,4.0,3.0,2.0,5.0,0.0,47.0,6.0,2.0,3.0,7469.0,2338.0,5131.0,0.441,1212.0,33.0,0.32,0.313,1.0,0.8259273914799912
714826758.0,37.0,0.0,3.0,5.0,2.0,4.0,0.0,29.0,4.0,4.0,2.0,7038.0,1801.0,5237.0,0.751,2339.0,57.0,0.966,0.256,1.0,0.9969039207710819
709793133.0,43.0,0.0,2.0,6.0,2.0,1.0,0.0,36.0,6.0,1.0,4.0,3186.0,2470.0,716.0,0.58,1531.0,37.0,0.233,0.775,1.0,0.9994632237747954
720504633.0,46.0,1.0,2.0,5.0,3.0,2.0,0.0,32.0,6.0,2.0,3.0,3254.0,0.0,3254.0,0.733,967.0,24.0,1.182,0.0,1.0,0.9955601035296108
824157858.0,58.0,1.0,3.0,2.0,1.0,3.0,0.0,54.0,4.0,3.0,3.0,18713.0,1022.0,17691.0,0.682,1524.0,42.0,0.615,0.055,1.0,0.9936564405966607
712003083.0,55.0,1.0,1.0,2.0,1.0,3.0,0.0,36.0,3.0,2.0,4.0,34516.0,2102.0,32414.0,0.912,1612.0,33.0,0.737,0.061,1.0,0.6123510680300808
715937133.0,64.0,0.0,1.0,5.0,1.0,1.0,0.0,52.0,6.0,2.0,2.0,4999.0,2299.0,2700.0,0.716,1601.0,48.0,0.5,0.46,1.0,0.9958174864670292
754282908.0,50.0,0.0,1.0,4.0,1.0,4.0,0.0,43.0,3.0,1.0,3.0,3368.0,844.0,2524.0,0.838,2022.0,59.0,0.686,0.251,1.0,0.9112032188323738
779480658.0,58.0,0.0,4.0,2.0,1.0,5.0,0.0,42.0,3.0,3.0,4.0,10247.0,1600.0,8647.0,0.63,1754.0,44.0,0.692,0.156,1.0,0.8075250719583481
771180033.0,47.0,0.0,4.0,6.0,0.0,1.0,0.0,34.0,6.0,1.0,2.0,3502.0,1851.0,1651.0,2.023,1814.0,31.0,0.722,0.529,0.0,0.021840644855137658
756409758.0,44.0,0.0,2.0,2.0,1.0,4.0,0.0,37.0,4.0,5.0,4.0,3203.0,2076.0,1127.0,0.543,1433.0,38.0,1.0,0.648,0.0,0.01186306975488926
715699983.0,56.0,1.0,3.0,3.0,1.0,2.0,0.0,36.0,5.0,1.0,3.0,9226.0,1233.0,7993.0,1.521,1626.0,29.0,1.636,0.134,0.0,0.05188701142122408
712215258.0,50.0,0.0,1.0,2.0,2.0,1.0,3.0,31.0,2.0,2.0,3.0,18386.0,0.0,18386.0,0.868,1298.0,22.0,0.571,0.0,1.0,0.9005660022679529
818248383.0,33.0,1.0,2.0,1.0,1.0,2.0,0.0,28.0,3.0,3.0,3.0,4049.0,0.0,4049.0,0.898,1742.0,35.0,1.5,0.0,1.0,0.9600942711212903
785311158.0,54.0,0.0,2.0,2.0,2.0,4.0,0.0,48.0,6.0,1.0,4.0,6610.0,928.0,5682.0,0.894,3328.0,69.0,0.683,0.14,1.0,0.9998205738331744
717670758.0,30.0,0.0,1.0,2.0,2.0,4.0,0.0,20.0,5.0,2.0,3.0,5030.0,1327.0,3703.0,0.803,2523.0,71.0,0.775,0.264,1.0,0.8769199935698636
812809083.0,37.0,0.0,3.0,6.0,2.0,5.0,0.0,32.0,3.0,4.0,4.0,19636.0,1566.0,18070.0,0.649,2595.0,58.0,0.611,0.08,1.0,0.9306798699843154
789326808.0,26.0,1.0,0.0,0.0,2.0,2.0,0.0,15.0,5.0,1.0,2.0,8267.0,1720.0,6547.0,0.633,1917.0,37.0,0.48,0.208,0.0,0.03961512066707971
710722908.0,53.0,1.0,3.0,1.0,2.0,0.0,0.0,36.0,3.0,1.0,0.0,30883.0,1694.0,29189.0,0.86,1267.0,23.0,0.533,0.055,1.0,0.9994398558573135
771492408.0,40.0,0.0,2.0,2.0,1.0,4.0,0.0,28.0,3.0,1.0,2.0,2421.0,1747.0,674.0,0.691,1346.0,30.0,1.308,0.722,1.0,0.9998879541902479
715124958.0,50.0,1.0,3.0,5.0,2.0,3.0,0.0,36.0,5.0,2.0,3.0,24742.0,1676.0,23066.0,0.566,1306.0,31.0,0.55,0.068,1.0,0.7435145431222057
717090183.0,60.0,1.0,1.0,1.0,1.0,0.0,0.0,50.0,6.0,1.0,2.0,21697.0,2144.0,19553.0,0.654,2117.0,48.0,0.655,0.099,0.0,0.3542027072786762
711957708.0,38.0,0.0,2.0,2.0,1.0,4.0,0.0,36.0,6.0,3.0,4.0,2717.0,1591.0,1126.0,1.596,2064.0,33.0,1.062,0.586,0.0,0.11585418557243157
780881358.0,35.0,1.0,3.0,2.0,2.0,1.0,3.0,17.0,6.0,3.0,2.0,16659.0,0.0,16659.0,1.012,2551.0,74.0,0.609,0.0,0.0,0.1422962038953267
708313608.0,53.0,1.0,3.0,6.0,1.0,3.0,0.0,43.0,5.0,3.0,0.0,2464.0,2116.0,348.0,0.744,2110.0,43.0,1.048,0.859,1.0,0.9999999996778435
719818983.0,39.0,1.0,1.0,0.0,0.0,3.0,0.0,28.0,1.0,3.0,4.0,12464.0,0.0,12464.0,0.864,1195.0,35.0,0.522,0.0,0.0,0.01808356793671727
714171108.0,48.0,0.0,3.0,2.0,0.0,1.0,0.0,39.0,6.0,2.0,3.0,2115.0,1141.0,974.0,0.616,1223.0,20.0,0.538,0.539,1.0,0.7174682950366952
718830183.0,46.0,1.0,1.0,3.0,2.0,2.0,0.0,38.0,5.0,2.0,4.0,23996.0,2517.0,21479.0,0.488,1339.0,29.0,0.381,0.105,1.0,0.999483802799471
711147483.0,46.0,0.0,3.0,2.0,2.0,4.0,0.0,28.0,2.0,2.0,3.0,8551.0,1067.0,7484.0,0.931,1097.0,32.0,0.778,0.125,1.0,0.9212733797121596
755953308.0,62.0,0.0,0.0,4.0,1.0,1.0,0.0,55.0,6.0,1.0,4.0,2644.0,2207.0,437.0,0.866,1194.0,30.0,0.765,0.835,1.0,0.9504251885763118
709703433.0,47.0,1.0,3.0,2.0,1.0,2.0,0.0,38.0,4.0,1.0,2.0,21304.0,1532.0,19772.0,1.018,1770.0,25.0,0.923,0.072,1.0,0.9989837790834648
713356833.0,52.0,1.0,1.0,2.0,1.0,3.0,0.0,43.0,3.0,1.0,4.0,3710.0,2517.0,1193.0,1.541,1578.0,34.0,0.7,0.678,1.0,0.847999020099695
716999883.0,51.0,1.0,4.0,3.0,1.0,3.0,0.0,41.0,5.0,2.0,0.0,15897.0,1437.0,14460.0,0.584,1405.0,43.0,0.387,0.09,0.0,0.4995227671327309
718784358.0,34.0,1.0,4.0,5.0,2.0,0.0,0.0,36.0,6.0,3.0,2.0,34516.0,2517.0,31999.0,0.975,1969.0,46.0,1.3,0.073,1.0,0.9869485156726461
713962233.0,55.0,0.0,3.0,2.0,1.0,4.0,0.0,36.0,6.0,2.0,3.0,3035.0,2298.0,737.0,1.724,1877.0,37.0,1.176,0.757,1.0,0.999939901109147
827111283.0,45.0,1.0,3.0,2.0,2.0,3.0,0.0,41.0,2.0,2.0,2.0,32426.0,578.0,31848.0,1.042,1109.0,28.0,0.474,0.018,0.0,0.010600677718718426
712730583.0,29.0,1.0,0.0,5.0,1.0,2.0,0.0,20.0,5.0,2.0,3.0,8592.0,1201.0,7391.0,0.778,1842.0,50.0,0.852,0.14,1.0,0.9031284146261532
819002508.0,31.0,1.0,1.0,6.0,2.0,1.0,0.0,26.0,4.0,1.0,2.0,2037.0,0.0,2037.0,0.88,2563.0,64.0,0.641,0.0,0.0,0.2681466049211573
712372158.0,45.0,1.0,4.0,6.0,1.0,0.0,0.0,33.0,6.0,1.0,3.0,34516.0,2086.0,32430.0,0.986,1859.0,47.0,0.958,0.06,1.0,0.9991391970932513
709363383.0,34.0,1.0,2.0,3.0,2.0,5.0,0.0,36.0,3.0,4.0,2.0,22886.0,836.0,22050.0,0.889,2652.0,61.0,0.743,0.037,1.0,0.9022684190368315
717648783.0,63.0,1.0,2.0,3.0,1.0,3.0,0.0,51.0,4.0,2.0,3.0,6922.0,1704.0,5218.0,0.278,1449.0,28.0,0.217,0.246,0.0,0.43992770633447853
710819733.0,56.0,1.0,3.0,2.0,1.0,0.0,0.0,36.0,5.0,1.0,1.0,12211.0,0.0,12211.0,0.642,903.0,29.0,0.526,0.0,1.0,0.9501131414465694
780382008.0,42.0,0.0,4.0,6.0,2.0,4.0,3.0,32.0,6.0,3.0,2.0,13719.0,1384.0,12335.0,1.201,3774.0,63.0,0.658,0.101,1.0,0.9066278462062541
710581758.0,52.0,0.0,2.0,2.0,2.0,1.0,0.0,44.0,6.0,2.0,3.0,3360.0,1219.0,2141.0,0.412,1309.0,30.0,1.0,0.363,0.0,0.1954119487941446
717640083.0,59.0,1.0,1.0,3.0,1.0,2.0,0.0,36.0,3.0,2.0,3.0,6705.0,0.0,6705.0,0.749,731.0,18.0,0.5,0.0,1.0,0.9892747671002647
708513183.0,39.0,1.0,1.0,5.0,1.0,1.0,0.0,29.0,4.0,2.0,2.0,4323.0,1267.0,3056.0,1.102,3078.0,58.0,0.611,0.293,1.0,0.9572172012260834
789467508.0,65.0,0.0,0.0,2.0,1.0,1.0,0.0,56.0,5.0,3.0,0.0,2961.0,1570.0,1391.0,0.908,1937.0,57.0,0.781,0.53,0.0,0.36867438268598957
714474483.0,35.0,0.0,1.0,2.0,1.0,1.0,0.0,29.0,4.0,2.0,2.0,2523.0,1877.0,646.0,1.631,2005.0,50.0,1.174,0.744,1.0,0.8237127690356223
714472608.0,59.0,1.0,0.0,0.0,1.0,4.0,0.0,49.0,3.0,3.0,3.0,4250.0,1095.0,3155.0,0.947,1174.0,27.0,0.8,0.258,1.0,0.9413179202811848
741344808.0,39.0,0.0,2.0,2.0,1.0,4.0,0.0,32.0,4.0,2.0,4.0,5634.0,2057.0,3577.0,1.399,2905.0,63.0,0.969,0.365,0.0,0.015310223035268921
806894133.0,34.0,0.0,3.0,4.0,2.0,5.0,0.0,29.0,3.0,1.0,4.0,1617.0,1347.0,270.0,0.73,2546.0,55.0,0.719,0.833,0.0,0.44869582274952985
717292758.0,55.0,0.0,2.0,2.0,2.0,4.0,0.0,47.0,5.0,3.0,2.0,6347.0,0.0,6347.0,0.466,1161.0,44.0,0.375,0.0,1.0,0.9993624425131336
714414483.0,54.0,0.0,0.0,6.0,1.0,4.0,0.0,44.0,6.0,3.0,1.0,2945.0,2206.0,739.0,0.983,1503.0,35.0,0.842,0.749,0.0,0.08794679896373657
771429408.0,54.0,1.0,1.0,3.0,1.0,3.0,0.0,42.0,5.0,3.0,2.0,1618.0,668.0,950.0,0.552,1515.0,31.0,0.476,0.413,1.0,0.9230141235776279
779696883.0,48.0,1.0,2.0,2.0,0.0,2.0,0.0,33.0,4.0,2.0,4.0,2998.0,1789.0,1209.0,0.807,1825.0,31.0,0.348,0.597,1.0,0.9879317703263373
710038008.0,56.0,0.0,1.0,2.0,2.0,1.0,0.0,47.0,3.0,2.0,1.0,6038.0,0.0,6038.0,0.741,1447.0,30.0,0.875,0.0,1.0,0.9990140712065099
708874533.0,45.0,0.0,2.0,0.0,1.0,4.0,0.0,36.0,1.0,3.0,2.0,3387.0,0.0,3387.0,0.789,510.0,24.0,0.6,0.0,1.0,0.5427615493677006
715120608.0,44.0,1.0,3.0,2.0,2.0,2.0,0.0,37.0,2.0,3.0,2.0,14546.0,1703.0,12843.0,0.955,1273.0,27.0,0.588,0.117,1.0,0.9163744489816448
714767508.0,39.0,1.0,2.0,2.0,1.0,1.0,0.0,31.0,5.0,3.0,2.0,8687.0,1146.0,7541.0,1.8,2279.0,33.0,1.357,0.132,1.0,0.999960474225166
709913733.0,39.0,0.0,3.0,0.0,1.0,4.0,0.0,36.0,4.0,2.0,0.0,2279.0,1529.0,750.0,1.26,1693.0,32.0,1.286,0.671,1.0,0.9704727196687205
708295533.0,65.0,0.0,0.0,4.0,1.0,4.0,0.0,56.0,5.0,3.0,2.0,3549.0,1880.0,1669.0,0.624,1215.0,22.0,0.571,0.53,1.0,0.9967862114142824
799825758.0,42.0,1.0,4.0,3.0,0.0,2.0,0.0,36.0,5.0,1.0,2.0,3263.0,1674.0,1589.0,0.588,1251.0,35.0,0.346,0.513,1.0,0.9742001346656641
716382708.0,46.0,0.0,2.0,2.0,2.0,4.0,0.0,36.0,3.0,4.0,3.0,8309.0,858.0,7451.0,0.888,1165.0,35.0,0.4,0.103,1.0,0.9562137404314694
787595658.0,57.0,0.0,3.0,6.0,2.0,4.0,0.0,29.0,6.0,1.0,1.0,8801.0,1421.0,7380.0,0.568,1104.0,31.0,0.292,0.161,1.0,0.9999999915019515
717730533.0,32.0,1.0,0.0,2.0,2.0,1.0,0.0,21.0,6.0,1.0,3.0,1614.0,925.0,689.0,0.598,2659.0,63.0,0.75,0.573,0.0,0.02137930050389033
714363858.0,54.0,0.0,4.0,3.0,1.0,4.0,0.0,36.0,3.0,5.0,3.0,1594.0,1411.0,183.0,0.817,1459.0,35.0,1.188,0.885,1.0,0.9910132444776063
719392833.0,45.0,0.0,3.0,2.0,1.0,4.0,0.0,38.0,3.0,3.0,2.0,2400.0,1613.0,787.0,0.629,1311.0,34.0,0.417,0.672,1.0,0.9267451696492796
781933983.0,47.0,1.0,4.0,2.0,1.0,1.0,0.0,41.0,5.0,3.0,4.0,14535.0,0.0,14535.0,0.711,2970.0,76.0,0.689,0.0,1.0,0.8561979764080233
816600933.0,56.0,1.0,0.0,0.0,1.0,3.0,0.0,51.0,3.0,2.0,3.0,14501.0,0.0,14501.0,0.854,1031.0,25.0,0.389,0.0,1.0,0.9989869643392466
770662383.0,38.0,1.0,2.0,2.0,2.0,1.0,0.0,24.0,6.0,3.0,2.0,14632.0,1158.0,13474.0,0.501,1399.0,36.0,0.5,0.079,1.0,0.9999235204938043
772782708.0,50.0,1.0,3.0,4.0,2.0,3.0,0.0,40.0,5.0,2.0,2.0,31383.0,1688.0,29695.0,0.765,1721.0,56.0,0.75,0.054,1.0,0.9857673374676951
713834358.0,36.0,0.0,2.0,4.0,1.0,4.0,0.0,25.0,5.0,3.0,4.0,4701.0,1492.0,3209.0,0.805,1679.0,32.0,0.455,0.317,1.0,0.9999998308889105
716452083.0,56.0,0.0,4.0,6.0,1.0,4.0,0.0,46.0,5.0,3.0,2.0,4271.0,1150.0,3121.0,1.064,2052.0,50.0,0.724,0.269,1.0,0.9970454573419117
716996583.0,50.0,1.0,3.0,3.0,0.0,0.0,0.0,37.0,3.0,1.0,2.0,3073.0,1792.0,1281.0,1.099,1734.0,35.0,1.188,0.583,1.0,0.9974916207237731
708300483.0,66.0,0.0,0.0,1.0,1.0,5.0,0.0,56.0,5.0,4.0,3.0,7882.0,605.0,7277.0,1.052,704.0,16.0,0.143,0.077,1.0,0.9983127875286261
714081558.0,33.0,0.0,0.0,2.0,1.0,5.0,0.0,36.0,4.0,2.0,4.0,2613.0,1599.0,1014.0,0.749,1387.0,31.0,0.722,0.612,0.0,0.02186872906805465
811571733.0,26.0,0.0,0.0,6.0,2.0,5.0,0.0,13.0,4.0,2.0,2.0,2600.0,1876.0,724.0,0.606,2625.0,45.0,0.364,0.722,1.0,0.9975341784877996
778871508.0,54.0,1.0,3.0,4.0,2.0,2.0,0.0,35.0,6.0,3.0,0.0,13048.0,1954.0,11094.0,1.139,1170.0,24.0,0.846,0.15,1.0,0.9997934914415688
714131058.0,30.0,1.0,0.0,2.0,3.0,2.0,0.0,36.0,3.0,5.0,3.0,18513.0,2517.0,15996.0,0.524,1567.0,33.0,0.941,0.136,0.0,0.4897918970416482
720673008.0,49.0,0.0,3.0,6.0,0.0,4.0,0.0,38.0,3.0,3.0,4.0,1652.0,812.0,840.0,0.548,1771.0,47.0,0.516,0.492,1.0,0.9999787043430788
720902133.0,58.0,1.0,1.0,3.0,2.0,1.0,0.0,46.0,4.0,1.0,0.0,5579.0,0.0,5579.0,0.481,1025.0,35.0,0.667,0.0,1.0,0.974828773069194
818906208.0,32.0,1.0,0.0,3.0,3.0,2.0,3.0,27.0,2.0,2.0,2.0,29081.0,1396.0,27685.0,2.204,1538.0,36.0,0.714,0.048,1.0,0.992404221117813
721144383.0,42.0,1.0,4.0,2.0,1.0,2.0,3.0,28.0,5.0,1.0,2.0,28202.0,843.0,27359.0,0.637,1629.0,38.0,0.727,0.03,1.0,0.5695192921423745
717667833.0,34.0,1.0,1.0,2.0,1.0,1.0,0.0,36.0,6.0,2.0,3.0,3735.0,1285.0,2450.0,1.034,1877.0,33.0,1.2,0.344,0.0,0.06705855023110788
709967358.0,48.0,1.0,4.0,4.0,2.0,3.0,0.0,36.0,6.0,2.0,3.0,30367.0,2362.0,28005.0,1.708,1671.0,27.0,0.929,0.078,1.0,0.9999999864996241
709380333.0,57.0,1.0,1.0,5.0,1.0,0.0,0.0,36.0,6.0,2.0,3.0,24545.0,1735.0,22810.0,0.664,1671.0,45.0,0.5,0.071,1.0,0.9975095859151752
719728383.0,38.0,0.0,4.0,2.0,1.0,5.0,0.0,28.0,4.0,1.0,2.0,6861.0,1598.0,5263.0,2.103,2228.0,39.0,0.95,0.233,1.0,0.9997831127876278
778401033.0,32.0,1.0,0.0,3.0,1.0,2.0,0.0,13.0,3.0,3.0,4.0,14308.0,1889.0,12419.0,1.053,1659.0,39.0,1.167,0.132,0.0,0.07220069714656135
710899833.0,36.0,1.0,2.0,2.0,1.0,1.0,0.0,18.0,3.0,1.0,3.0,7758.0,1408.0,6350.0,0.365,569.0,23.0,0.643,0.181,1.0,0.867307653611906
717049533.0,39.0,0.0,3.0,1.0,3.0,1.0,0.0,28.0,5.0,3.0,0.0,7262.0,1466.0,5796.0,0.512,1438.0,28.0,0.556,0.202,1.0,0.9986947285028546
710263608.0,53.0,0.0,3.0,3.0,1.0,5.0,0.0,36.0,4.0,2.0,4.0,11098.0,821.0,10277.0,0.896,2156.0,46.0,0.586,0.074,1.0,0.7738311994966202
719808558.0,55.0,0.0,2.0,2.0,1.0,4.0,0.0,43.0,2.0,4.0,3.0,1438.3,0.0,1438.3,0.707,886.0,27.0,0.421,0.0,1.0,0.9869484553344309
720605808.0,53.0,0.0,1.0,2.0,2.0,4.0,0.0,36.0,2.0,2.0,3.0,1438.3,0.0,1438.3,0.672,799.0,17.0,0.214,0.0,1.0,0.9851505224188069
717958833.0,46.0,1.0,4.0,2.0,1.0,2.0,0.0,35.0,5.0,1.0,2.0,1535.0,700.0,835.0,2.282,1848.0,25.0,1.083,0.456,0.0,0.08850677224699413
816082233.0,35.0,1.0,3.0,2.0,3.0,2.0,0.0,30.0,5.0,1.0,3.0,8547.0,1666.0,6881.0,1.163,1311.0,33.0,2.0,0.195,0.0,0.08677753297586129
708459633.0,38.0,1.0,2.0,3.0,1.0,2.0,0.0,26.0,4.0,1.0,3.0,5815.0,1698.0,4117.0,0.896,1604.0,42.0,0.448,0.292,1.0,0.8613306182437598
715884858.0,38.0,1.0,2.0,3.0,1.0,3.0,0.0,36.0,5.0,3.0,3.0,2407.0,843.0,1564.0,1.008,1470.0,28.0,0.4,0.35,1.0,0.999999999953026
