duration,previous,housing,campaign,loan,default,target,target_Pred,target_pred_prob_0,target_pred_prob_1
25.0,0.0,1.0,1.0,0.0,0.0,0.0,0.0,0.9175614452850901,0.08243855471490992
585.0,0.0,0.0,2.0,0.0,0.0,0.0,0.0,0.721054360760898,0.278945639239102
419.0,0.0,1.0,7.0,0.0,0.0,0.0,1.0,0.3817702824875625,0.6182297175124375
14.0,0.0,1.0,20.0,0.0,0.0,0.0,0.0,0.5597791483883803,0.4402208516116197
220.0,0.0,0.0,2.0,1.0,0.0,0.0,1.0,0.3500507485382588,0.6499492514617412
223.0,0.0,1.0,2.0,0.0,0.0,0.0,1.0,0.2286448295905018,0.7713551704094982
90.0,0.0,0.0,1.0,1.0,0.0,0.0,0.0,0.8415781705892513,0.15842182941074862
203.0,0.0,0.0,1.0,0.0,0.0,0.0,1.0,0.08625892910997912,0.9137410708900209
316.0,0.0,0.0,2.0,0.0,0.0,0.0,0.0,0.7970367484793106,0.20296325152068942
89.0,0.0,1.0,2.0,0.0,0.0,0.0,1.0,0.27649495140248936,0.7235050485975106
269.0,0.0,0.0,2.0,1.0,0.0,0.0,0.0,0.8902712855358855,0.10972871446411446
94.0,0.0,1.0,2.0,0.0,0.0,0.0,1.0,0.1623775297685841,0.8376224702314159
269.0,0.0,0.0,1.0,0.0,0.0,0.0,1.0,0.26718207264580773,0.7328179273541923
71.0,0.0,0.0,3.0,0.0,0.0,0.0,1.0,0.13723155156743594,0.8627684484325641
457.0,0.0,1.0,5.0,0.0,0.0,0.0,0.0,0.6878102312248813,0.31218976877511867
56.0,0.0,1.0,3.0,0.0,0.0,0.0,0.0,0.9187640145108119,0.08123598548918812
409.0,0.0,0.0,3.0,0.0,0.0,0.0,0.0,0.972390657753446,0.02760934224655398
190.0,0.0,0.0,1.0,0.0,0.0,0.0,1.0,0.2572708389764383,0.7427291610235617
404.0,0.0,1.0,5.0,0.0,0.0,0.0,0.0,0.8312360471581733,0.16876395284182663
62.0,0.0,0.0,2.0,0.0,0.0,0.0,1.0,0.1808734796768785,0.8191265203231215
825.0,0.0,1.0,1.0,0.0,0.0,0.0,0.0,0.5148713201222177,0.48512867987778235
241.0,0.0,1.0,2.0,0.0,0.0,0.0,0.0,0.6351235061452924,0.3648764938547076
284.0,0.0,1.0,8.0,0.0,0.0,0.0,0.0,0.9257927924815487,0.07420720751845138
179.0,0.0,1.0,3.0,1.0,0.0,0.0,0.0,0.9210992977358403,0.07890070226415972
127.0,0.0,1.0,1.0,0.0,0.0,0.0,0.0,0.7960320508098788,0.20396794919012123
110.0,0.0,1.0,5.0,0.0,0.0,0.0,0.0,0.8115237987970852,0.18847620120291472
344.0,0.0,1.0,2.0,0.0,0.0,0.0,1.0,0.1020508743576094,0.8979491256423906
96.0,0.0,1.0,1.0,0.0,0.0,0.0,0.0,0.984138883232372,0.015861116767627977
596.0,0.0,1.0,1.0,0.0,0.0,0.0,1.0,0.18955379955345453,0.8104462004465455
90.0,0.0,1.0,1.0,0.0,0.0,0.0,0.0,0.9857372317314863,0.014262768268513708
218.0,0.0,0.0,3.0,1.0,0.0,0.0,1.0,0.3169878464656726,0.6830121535343274
498.0,0.0,0.0,4.0,0.0,0.0,0.0,1.0,0.07245268826597873,0.9275473117340213
495.0,0.0,1.0,2.0,0.0,0.0,0.0,0.0,0.9210575852277867,0.07894241477221328
104.0,0.0,0.0,1.0,0.0,0.0,0.0,1.0,0.09000478009496693,0.9099952199050331
253.0,0.0,1.0,2.0,0.0,0.0,0.0,1.0,0.3466813395572974,0.6533186604427026
579.0,0.0,1.0,2.0,1.0,0.0,0.0,1.0,0.08627721785743014,0.9137227821425699
106.0,0.0,1.0,2.0,0.0,0.0,0.0,1.0,0.3983618916920776,0.6016381083079224
47.0,0.0,0.0,7.0,0.0,0.0,0.0,1.0,0.39496306123196623,0.6050369387680338
51.0,0.0,1.0,9.0,0.0,0.0,0.0,1.0,0.10363188093673292,0.8963681190632671
231.0,0.0,1.0,2.0,0.0,0.0,0.0,1.0,0.3028911564677089,0.6971088435322911
138.0,0.0,0.0,1.0,0.0,0.0,0.0,1.0,0.07313367219680034,0.9268663278031997
345.0,0.0,1.0,1.0,0.0,0.0,0.0,0.0,0.9451436426115236,0.05485635738847635
182.0,0.0,0.0,11.0,0.0,0.0,0.0,0.0,0.7766807673316655,0.2233192326683345
67.0,0.0,1.0,1.0,0.0,0.0,0.0,1.0,0.2759736827998689,0.7240263172001311
233.0,0.0,0.0,4.0,0.0,0.0,0.0,0.0,0.8707075565287123,0.12929244347128765
101.0,0.0,1.0,1.0,0.0,0.0,0.0,0.0,0.9217998735916116,0.07820012640838837
20.0,0.0,1.0,3.0,1.0,0.0,0.0,0.0,0.9111435977521828,0.08885640224781723
126.0,0.0,0.0,3.0,0.0,0.0,0.0,1.0,0.1740055545597412,0.8259944454402588
73.0,0.0,1.0,3.0,0.0,0.0,0.0,0.0,0.9414071338189123,0.05859286618108777
491.0,0.0,0.0,1.0,0.0,0.0,0.0,1.0,0.138360449967459,0.861639550032541
226.0,0.0,1.0,3.0,0.0,0.0,0.0,1.0,0.03843318014029573,0.9615668198597043
680.0,0.0,1.0,1.0,0.0,0.0,0.0,0.0,0.6290683372727193,0.37093166272728073
166.0,0.0,1.0,1.0,0.0,0.0,0.0,0.0,0.9613699423314941,0.03863005766850593
453.0,0.0,0.0,1.0,0.0,0.0,0.0,1.0,0.4918812041537305,0.5081187958462695
136.0,0.0,1.0,6.0,1.0,0.0,0.0,0.0,0.9229688919614888,0.07703110803851121
203.0,0.0,1.0,1.0,0.0,0.0,0.0,1.0,0.0750109893398061,0.9249890106601939
204.0,0.0,1.0,1.0,0.0,0.0,0.0,1.0,0.10018397987259875,0.8998160201274013
140.0,0.0,1.0,2.0,0.0,0.0,0.0,0.0,0.9695122177721227,0.030487782227877337
55.0,0.0,0.0,1.0,0.0,0.0,0.0,0.0,0.9210992977358403,0.07890070226415972
199.0,0.0,1.0,4.0,0.0,1.0,0.0,0.0,0.9698721182978609,0.03012788170213912
68.0,0.0,1.0,1.0,0.0,1.0,0.0,1.0,0.03061431426139627,0.9693856857386037
57.0,0.0,1.0,6.0,0.0,0.0,0.0,1.0,0.29885960614178797,0.701140393858212
203.0,0.0,1.0,1.0,0.0,0.0,0.0,1.0,0.3218934699053344,0.6781065300946656
74.0,0.0,1.0,1.0,0.0,0.0,0.0,1.0,0.27225741963200367,0.7277425803679963
396.0,0.0,0.0,4.0,0.0,0.0,0.0,1.0,0.3346370936048476,0.6653629063951524
85.0,0.0,1.0,16.0,0.0,0.0,0.0,1.0,0.3886756019725537,0.6113243980274463
114.0,0.0,0.0,17.0,0.0,0.0,0.0,0.0,0.6779828474666094,0.32201715253339064
354.0,0.0,1.0,2.0,0.0,0.0,0.0,0.0,0.9842211544362917,0.01577884556370834
51.0,0.0,1.0,1.0,0.0,0.0,0.0,1.0,0.08895484077883131,0.9110451592211687
18.0,0.0,1.0,16.0,0.0,0.0,0.0,0.0,0.9286307207529143,0.07136927924708569
190.0,0.0,1.0,1.0,0.0,0.0,0.0,1.0,0.06278156096747212,0.9372184390325279
21.0,0.0,1.0,18.0,0.0,0.0,0.0,1.0,0.3771105737740664,0.6228894262259336
219.0,0.0,1.0,4.0,0.0,0.0,0.0,0.0,0.6564346540700233,0.3435653459299767
17.0,0.0,0.0,2.0,0.0,0.0,0.0,1.0,0.11201949085306384,0.8879805091469362
73.0,0.0,1.0,1.0,1.0,0.0,0.0,0.0,0.8721464829507176,0.12785351704928236
58.0,0.0,1.0,3.0,0.0,0.0,0.0,0.0,0.700012898576995,0.299987101423005
216.0,0.0,1.0,5.0,0.0,0.0,0.0,0.0,0.8593779900491093,0.14062200995089066
155.0,0.0,1.0,1.0,0.0,0.0,0.0,1.0,0.3110989196575298,0.6889010803424702
130.0,0.0,1.0,1.0,0.0,0.0,0.0,1.0,0.08893027655366681,0.9110697234463332
236.0,0.0,0.0,1.0,0.0,0.0,0.0,1.0,0.3479915609809535,0.6520084390190465
18.0,0.0,0.0,5.0,0.0,0.0,0.0,1.0,0.23351307990643733,0.7664869200935627
38.0,0.0,0.0,3.0,0.0,0.0,0.0,0.0,0.9928287690181373,0.007171230981862719
55.0,0.0,0.0,3.0,0.0,0.0,0.0,1.0,0.09157537501679125,0.9084246249832088
163.0,0.0,1.0,4.0,1.0,0.0,0.0,1.0,0.3394427325901881,0.6605572674098119
71.0,0.0,1.0,1.0,0.0,0.0,0.0,1.0,0.30010694579903907,0.6998930542009609
135.0,0.0,1.0,1.0,0.0,0.0,0.0,1.0,0.22604800198420283,0.7739519980157972
55.0,0.0,0.0,1.0,0.0,0.0,0.0,0.0,0.8590124695536419,0.14098753044635814
243.0,0.0,1.0,3.0,1.0,0.0,0.0,1.0,0.17722130494588095,0.822778695054119
42.0,0.0,0.0,5.0,0.0,0.0,0.0,1.0,0.12450872348750486,0.8754912765124951
123.0,0.0,1.0,4.0,0.0,0.0,0.0,0.0,0.9660933481417425,0.03390665185825749
199.0,0.0,1.0,2.0,0.0,0.0,0.0,0.0,0.863347179930452,0.136652820069548
189.0,0.0,0.0,4.0,0.0,0.0,0.0,1.0,0.1403841885922229,0.8596158114077771
111.0,0.0,1.0,7.0,0.0,0.0,0.0,0.0,0.8884058897391802,0.11159411026081976
328.0,0.0,1.0,4.0,0.0,0.0,0.0,0.0,0.5979840450255466,0.4020159549744534
116.0,0.0,1.0,1.0,0.0,0.0,0.0,1.0,0.3426266719848695,0.6573733280151305
213.0,0.0,1.0,1.0,0.0,0.0,0.0,1.0,0.06755305633540432,0.9324469436645957
295.0,0.0,1.0,1.0,0.0,0.0,0.0,0.0,0.9555907851448429,0.04440921485515718
551.0,0.0,1.0,1.0,0.0,0.0,0.0,0.0,0.5674528349886685,0.43254716501133156
169.0,0.0,1.0,1.0,0.0,0.0,0.0,0.0,0.927485701423213,0.07251429857678704
412.0,0.0,1.0,1.0,1.0,0.0,0.0,0.0,0.9809059963877018,0.019094003612298155
124.0,0.0,1.0,4.0,0.0,0.0,0.0,1.0,0.46145312870090915,0.5385468712990908
106.0,0.0,1.0,1.0,0.0,0.0,0.0,1.0,0.2787658789302915,0.7212341210697085
341.0,0.0,1.0,1.0,0.0,0.0,0.0,1.0,0.21060442163376614,0.7893955783662339
123.0,0.0,0.0,1.0,1.0,0.0,0.0,0.0,0.9871753204423017,0.01282467955769824
137.0,0.0,0.0,1.0,1.0,0.0,0.0,0.0,0.5767301100813809,0.4232698899186191
239.0,0.0,1.0,1.0,0.0,0.0,0.0,1.0,0.07616462178173322,0.9238353782182668
153.0,0.0,1.0,1.0,0.0,0.0,0.0,1.0,0.2843295875532955,0.7156704124467045
13.0,0.0,0.0,1.0,0.0,0.0,0.0,1.0,0.08078057171256714,0.9192194282874329
27.0,0.0,0.0,5.0,0.0,1.0,0.0,1.0,0.15892558848556282,0.8410744115144372
492.0,0.0,1.0,3.0,1.0,0.0,0.0,0.0,0.8818480356815546,0.11815196431844549
208.0,0.0,1.0,2.0,0.0,0.0,0.0,0.0,0.690072956273988,0.30992704372601204
565.0,0.0,1.0,4.0,0.0,0.0,0.0,1.0,0.49976371994670443,0.5002362800532956
391.0,0.0,1.0,2.0,0.0,0.0,0.0,1.0,0.2269555719460662,0.7730444280539338
85.0,0.0,1.0,4.0,0.0,0.0,0.0,0.0,0.7962714016753072,0.20372859832469287
53.0,0.0,1.0,4.0,0.0,0.0,0.0,1.0,0.37076717349140353,0.6292328265085965
73.0,0.0,1.0,6.0,0.0,0.0,0.0,1.0,0.4429117927697743,0.5570882072302257
285.0,0.0,0.0,1.0,0.0,0.0,0.0,0.0,0.8236762489984761,0.1763237510015239
331.0,0.0,0.0,2.0,1.0,0.0,0.0,0.0,0.9745220499375677,0.025477950062432288
937.0,0.0,1.0,4.0,0.0,0.0,0.0,1.0,0.24786367847941704,0.752136321520583
254.0,0.0,1.0,1.0,0.0,0.0,0.0,1.0,0.48825598377013824,0.5117440162298618
207.0,0.0,1.0,1.0,0.0,0.0,0.0,1.0,0.1055756956598205,0.8944243043401795
422.0,0.0,0.0,1.0,1.0,0.0,0.0,1.0,0.3169878464656726,0.6830121535343274
63.0,0.0,1.0,9.0,0.0,0.0,0.0,0.0,0.9901369574735313,0.009863042526468772
59.0,0.0,1.0,1.0,0.0,0.0,0.0,1.0,0.3169878464656726,0.6830121535343274
65.0,0.0,0.0,3.0,0.0,0.0,0.0,0.0,0.5228232544727744,0.4771767455272255
652.0,0.0,1.0,3.0,0.0,0.0,0.0,1.0,0.3548463441984049,0.6451536558015951
267.0,0.0,1.0,2.0,1.0,0.0,0.0,1.0,0.07595255601695405,0.924047443983046
48.0,0.0,0.0,2.0,0.0,0.0,0.0,1.0,0.05456314394752115,0.9454368560524788
114.0,0.0,1.0,1.0,0.0,0.0,0.0,1.0,0.061617526814848556,0.9383824731851514
287.0,0.0,0.0,1.0,1.0,0.0,0.0,0.0,0.9953754083129996,0.0046245916870003775
78.0,0.0,0.0,1.0,0.0,0.0,0.0,0.0,0.782177823144312,0.2178221768556881
91.0,0.0,0.0,2.0,0.0,0.0,0.0,1.0,0.4331556235896561,0.5668443764103439
518.0,0.0,0.0,1.0,1.0,0.0,0.0,0.0,0.9734897328066783,0.026510267193321765
335.0,0.0,1.0,2.0,1.0,0.0,0.0,0.0,0.8208907753528348,0.1791092246471652
385.0,0.0,0.0,1.0,0.0,0.0,0.0,0.0,0.7612294607848933,0.2387705392151067
114.0,0.0,1.0,1.0,1.0,0.0,0.0,0.0,0.6776631109148552,0.3223368890851448
443.0,0.0,0.0,2.0,0.0,0.0,0.0,1.0,0.3754380650936123,0.6245619349063877
191.0,0.0,1.0,1.0,0.0,0.0,0.0,1.0,0.11721331618743025,0.8827866838125698
90.0,0.0,0.0,9.0,1.0,0.0,0.0,0.0,0.7196169981073837,0.2803830018926164
175.0,0.0,0.0,2.0,0.0,0.0,0.0,1.0,0.30424301500127104,0.695756984998729
211.0,0.0,0.0,1.0,1.0,0.0,0.0,0.0,0.8793272662394598,0.12067273376054018
151.0,0.0,1.0,7.0,0.0,0.0,0.0,0.0,0.7141390888114609,0.285860911188539
198.0,0.0,0.0,2.0,1.0,0.0,0.0,1.0,0.06383842421333197,0.936161575786668
353.0,0.0,0.0,4.0,0.0,0.0,0.0,1.0,0.15907424285230554,0.8409257571476945
183.0,0.0,1.0,2.0,0.0,0.0,0.0,1.0,0.03585528946964023,0.9641447105303598
101.0,0.0,0.0,1.0,1.0,0.0,0.0,0.0,0.9664976011916335,0.03350239880836645
155.0,0.0,1.0,2.0,0.0,0.0,0.0,1.0,0.4725857827141201,0.5274142172858799
98.0,0.0,1.0,3.0,0.0,0.0,0.0,1.0,0.06640194048359194,0.9335980595164081
69.0,0.0,1.0,2.0,0.0,0.0,0.0,0.0,0.8590124695536419,0.14098753044635814
197.0,0.0,0.0,1.0,0.0,0.0,0.0,1.0,0.033226473525777456,0.9667735264742225
500.0,0.0,0.0,1.0,0.0,0.0,0.0,0.0,0.7587638160088948,0.24123618399110527
237.0,0.0,1.0,2.0,0.0,0.0,0.0,0.0,0.7302134547667652,0.26978654523323475
73.0,0.0,1.0,2.0,0.0,0.0,0.0,1.0,0.4331556235896561,0.5668443764103439
196.0,0.0,0.0,4.0,1.0,0.0,0.0,1.0,0.3931758218532101,0.6068241781467899
108.0,0.0,1.0,3.0,1.0,0.0,0.0,0.0,0.8470223528177315,0.15297764718226844
284.0,0.0,0.0,1.0,1.0,0.0,0.0,1.0,0.23752604083060913,0.7624739591693909
130.0,0.0,0.0,1.0,0.0,0.0,0.0,0.0,0.7807116667839146,0.21928833321608546
132.0,0.0,1.0,1.0,0.0,0.0,0.0,0.0,0.625756142086659,0.374243857913341
64.0,0.0,1.0,1.0,0.0,0.0,0.0,0.0,0.6779828474666094,0.32201715253339064
157.0,0.0,1.0,2.0,1.0,0.0,0.0,0.0,0.8634113268912555,0.1365886731087444
832.0,0.0,1.0,3.0,0.0,0.0,0.0,1.0,0.33730999246231363,0.6626900075376864
70.0,0.0,1.0,6.0,0.0,0.0,0.0,1.0,0.05251717819471513,0.9474828218052849
74.0,0.0,1.0,7.0,0.0,0.0,0.0,1.0,0.041569263569394055,0.958430736430606
80.0,0.0,1.0,2.0,0.0,0.0,0.0,1.0,0.14494106541624496,0.855058934583755
226.0,0.0,1.0,2.0,0.0,0.0,0.0,0.0,0.6636943379903452,0.33630566200965484
217.0,0.0,1.0,2.0,0.0,0.0,0.0,0.0,0.8349231938920698,0.1650768061079302
15.0,0.0,1.0,3.0,0.0,0.0,0.0,0.0,0.996076417778592,0.003923582221407936
378.0,0.0,1.0,1.0,0.0,0.0,0.0,1.0,0.0998275357737296,0.9001724642262704
107.0,0.0,1.0,2.0,0.0,0.0,0.0,1.0,0.22642397883419096,0.773576021165809
179.0,0.0,1.0,2.0,0.0,0.0,0.0,0.0,0.7905378062962433,0.20946219370375674
497.0,0.0,1.0,5.0,0.0,0.0,0.0,1.0,0.3238920465763516,0.6761079534236484
180.0,0.0,1.0,2.0,0.0,0.0,0.0,1.0,0.05774345849835538,0.9422565415016446
561.0,0.0,0.0,1.0,0.0,0.0,0.0,0.0,0.9451436426115236,0.05485635738847635
63.0,0.0,1.0,6.0,0.0,0.0,0.0,1.0,0.061617526814848556,0.9383824731851514
111.0,0.0,1.0,5.0,0.0,0.0,0.0,0.0,0.9958435865465003,0.004156413453499675
156.0,0.0,1.0,2.0,0.0,0.0,0.0,0.0,0.6324412071911778,0.3675587928088222
164.0,0.0,1.0,3.0,1.0,0.0,0.0,0.0,0.7175079962248865,0.2824920037751135
145.0,0.0,1.0,5.0,0.0,0.0,0.0,0.0,0.8458166076180644,0.15418339238193562
527.0,0.0,1.0,1.0,0.0,0.0,0.0,0.0,0.5549345283066887,0.4450654716933114
134.0,0.0,1.0,1.0,1.0,0.0,0.0,1.0,0.10511088047328276,0.8948891195267172
109.0,0.0,1.0,1.0,0.0,0.0,0.0,1.0,0.2992081415268031,0.7007918584731969
289.0,0.0,1.0,2.0,1.0,0.0,0.0,0.0,0.8420667526450609,0.15793324735493902
193.0,0.0,1.0,2.0,0.0,0.0,0.0,0.0,0.9970954437434875,0.0029045562565125646
116.0,0.0,1.0,1.0,0.0,0.0,0.0,0.0,0.5261965101620748,0.4738034898379252
173.0,0.0,1.0,3.0,0.0,0.0,0.0,1.0,0.18217421173246595,0.817825788267534
1199.0,0.0,0.0,2.0,0.0,0.0,0.0,0.0,0.987189829465348,0.012810170534652048
1023.0,0.0,1.0,4.0,0.0,0.0,0.0,0.0,0.7177375523800018,0.28226244761999825
21.0,0.0,1.0,11.0,0.0,0.0,0.0,0.0,0.7743614710879354,0.22563852891206462
168.0,0.0,0.0,1.0,0.0,0.0,0.0,0.0,0.5545013917026651,0.4454986082973349
373.0,0.0,1.0,9.0,0.0,0.0,0.0,1.0,0.22642397883419096,0.773576021165809
676.0,0.0,1.0,6.0,0.0,0.0,0.0,0.0,0.9611039328132217,0.0388960671867783
382.0,0.0,0.0,3.0,0.0,0.0,0.0,1.0,0.43886770932553754,0.5611322906744625
123.0,0.0,1.0,1.0,0.0,0.0,0.0,1.0,0.23055822158987915,0.7694417784101208
110.0,0.0,1.0,1.0,0.0,0.0,0.0,0.0,0.6690993122250273,0.3309006877749727
116.0,0.0,1.0,3.0,0.0,0.0,0.0,1.0,0.1576384205262521,0.8423615794737479
58.0,0.0,1.0,2.0,0.0,0.0,0.0,0.0,0.9175614452850901,0.08243855471490992
59.0,0.0,0.0,2.0,0.0,0.0,0.0,1.0,0.11201949085306384,0.8879805091469362
69.0,0.0,1.0,2.0,0.0,0.0,0.0,0.0,0.9761214671364966,0.023878532863503426
147.0,0.0,1.0,14.0,0.0,0.0,0.0,1.0,0.2728195186105644,0.7271804813894356
483.0,0.0,1.0,1.0,0.0,0.0,0.0,0.0,0.8742958557213641,0.12570414427863583
196.0,0.0,1.0,1.0,1.0,0.0,0.0,0.0,0.5983641491056533,0.4016358508943467
1419.0,0.0,1.0,1.0,0.0,0.0,0.0,0.0,0.964389480775043,0.03561051922495698
21.0,0.0,1.0,6.0,0.0,0.0,0.0,0.0,0.8650577677430584,0.13494223225694155
92.0,0.0,0.0,6.0,0.0,0.0,0.0,0.0,0.7210175635463167,0.27898243645368326
435.0,0.0,1.0,3.0,0.0,0.0,0.0,0.0,0.9228254293502435,0.07717457064975657
171.0,0.0,0.0,4.0,0.0,0.0,0.0,0.0,0.9810672403805456,0.0189327596194544
68.0,0.0,1.0,1.0,0.0,0.0,0.0,0.0,0.947694826440356,0.05230517355964402
139.0,0.0,1.0,5.0,0.0,0.0,0.0,1.0,0.10467610229416136,0.8953238977058386
218.0,0.0,1.0,1.0,0.0,0.0,0.0,1.0,0.4509747295054828,0.5490252704945172
88.0,0.0,0.0,1.0,1.0,0.0,0.0,0.0,0.6550286323508194,0.3449713676491806
95.0,0.0,1.0,4.0,0.0,0.0,0.0,1.0,0.22296407137716578,0.7770359286228342
125.0,0.0,1.0,2.0,0.0,0.0,0.0,0.0,0.7142223566815553,0.2857776433184447
109.0,0.0,1.0,2.0,0.0,0.0,0.0,1.0,0.08675597253700695,0.913244027462993
103.0,0.0,0.0,2.0,0.0,0.0,0.0,0.0,0.9776625162420469,0.02233748375795305
86.0,0.0,1.0,2.0,0.0,0.0,0.0,1.0,0.19776883527844435,0.8022311647215556
332.0,0.0,1.0,2.0,0.0,0.0,0.0,1.0,0.2787658789302915,0.7212341210697085
216.0,0.0,0.0,2.0,0.0,0.0,0.0,1.0,0.06549157500257252,0.9345084249974275
140.0,0.0,1.0,2.0,0.0,0.0,0.0,0.0,0.9347680561496435,0.06523194385035644
168.0,0.0,1.0,3.0,0.0,0.0,0.0,0.0,0.896203523728001,0.10379647627199895
275.0,0.0,1.0,1.0,0.0,0.0,0.0,0.0,0.8599239975601536,0.1400760024398464
100.0,0.0,1.0,17.0,0.0,0.0,0.0,1.0,0.08791238897968856,0.9120876110203114
301.0,0.0,1.0,1.0,0.0,0.0,0.0,0.0,0.7790728071507375,0.22092719284926257
186.0,0.0,1.0,2.0,0.0,0.0,0.0,0.0,0.7256974398978191,0.27430256010218085
506.0,0.0,1.0,2.0,0.0,0.0,0.0,1.0,0.12423500870485704,0.875764991295143
256.0,0.0,1.0,3.0,0.0,0.0,0.0,1.0,0.4429117927697743,0.5570882072302257
19.0,0.0,0.0,4.0,0.0,0.0,0.0,0.0,0.5857174081704521,0.41428259182954785
389.0,0.0,0.0,2.0,1.0,0.0,0.0,1.0,0.27364026713687384,0.7263597328631262
105.0,0.0,1.0,3.0,0.0,0.0,0.0,1.0,0.15493836829064622,0.8450616317093538
53.0,0.0,1.0,1.0,1.0,0.0,0.0,1.0,0.35150463502216134,0.6484953649778387
343.0,0.0,1.0,2.0,1.0,0.0,0.0,1.0,0.24548599169925267,0.7545140083007473
241.0,0.0,1.0,2.0,0.0,0.0,0.0,1.0,0.29461656026820193,0.7053834397317981
249.0,0.0,1.0,1.0,0.0,0.0,0.0,0.0,0.9257927924815487,0.07420720751845138
135.0,0.0,1.0,1.0,0.0,0.0,0.0,1.0,0.4824211766552262,0.5175788233447738
32.0,0.0,1.0,1.0,0.0,0.0,0.0,1.0,0.4894566101047805,0.5105433898952195
163.0,0.0,1.0,2.0,0.0,0.0,0.0,0.0,0.8799865960125719,0.12001340398742812
194.0,0.0,1.0,1.0,0.0,0.0,0.0,1.0,0.11198574469924993,0.8880142553007501
366.0,0.0,0.0,2.0,0.0,0.0,0.0,1.0,0.3087236542657458,0.6912763457342542
17.0,0.0,0.0,24.0,0.0,0.0,0.0,0.0,0.9628427640526456,0.03715723594735443
203.0,0.0,0.0,2.0,0.0,0.0,0.0,0.0,0.9809716852872523,0.019028314712747737
76.0,0.0,1.0,2.0,0.0,0.0,0.0,0.0,0.8599239975601536,0.1400760024398464
198.0,0.0,1.0,2.0,1.0,0.0,0.0,0.0,0.9942756886921895,0.005724311307810502
112.0,0.0,0.0,2.0,1.0,0.0,0.0,1.0,0.025457730555024205,0.9745422694449758
107.0,0.0,1.0,2.0,1.0,0.0,0.0,1.0,0.27364026713687384,0.7263597328631262
478.0,0.0,1.0,1.0,0.0,0.0,0.0,0.0,0.8228899415290005,0.1771100584709995
139.0,0.0,0.0,1.0,0.0,0.0,0.0,1.0,0.3169878464656726,0.6830121535343274
496.0,0.0,1.0,3.0,0.0,0.0,0.0,0.0,0.5989049741235767,0.4010950258764233
292.0,0.0,1.0,2.0,1.0,0.0,0.0,1.0,0.1962805140222471,0.8037194859777529
280.0,0.0,1.0,1.0,0.0,0.0,0.0,0.0,0.8513572667809846,0.14864273321901544
109.0,0.0,1.0,3.0,0.0,0.0,0.0,1.0,0.17815412724788593,0.8218458727521141
124.0,0.0,1.0,1.0,0.0,0.0,0.0,0.0,0.8590124695536419,0.14098753044635814
75.0,0.0,1.0,3.0,1.0,0.0,0.0,0.0,0.5017891765098182,0.49821082349018175
40.0,0.0,1.0,1.0,0.0,0.0,0.0,1.0,0.38890198405189547,0.6110980159481045
514.0,0.0,1.0,11.0,0.0,0.0,0.0,1.0,0.3808858935953928,0.6191141064046072
293.0,0.0,1.0,1.0,1.0,0.0,0.0,1.0,0.3428812161429594,0.6571187838570406
97.0,0.0,1.0,1.0,0.0,0.0,0.0,0.0,0.7807116667839146,0.21928833321608546
195.0,0.0,1.0,2.0,1.0,0.0,0.0,1.0,0.11787396418512741,0.8821260358148726
129.0,0.0,1.0,2.0,0.0,0.0,0.0,0.0,0.5662954537784041,0.43370454622159593
241.0,0.0,1.0,1.0,0.0,0.0,0.0,1.0,0.2787658789302915,0.7212341210697085
274.0,0.0,1.0,2.0,0.0,0.0,0.0,1.0,0.12264151341307394,0.8773584865869261
388.0,0.0,1.0,7.0,0.0,0.0,0.0,0.0,0.9257927924815487,0.07420720751845138
138.0,0.0,1.0,8.0,0.0,0.0,0.0,0.0,0.7670956584159963,0.23290434158400372
211.0,0.0,0.0,2.0,0.0,0.0,0.0,0.0,0.7022132209314065,0.2977867790685936
227.0,0.0,1.0,15.0,0.0,0.0,0.0,0.0,0.8590124695536419,0.14098753044635814
226.0,0.0,0.0,1.0,0.0,0.0,0.0,0.0,0.7196169981073837,0.2803830018926164
283.0,0.0,1.0,1.0,0.0,0.0,0.0,1.0,0.09604366729410319,0.9039563327058968
381.0,0.0,0.0,2.0,1.0,0.0,0.0,0.0,0.895264183806637,0.10473581619336304
95.0,0.0,0.0,3.0,1.0,0.0,0.0,1.0,0.2835632895655058,0.7164367104344942
124.0,0.0,0.0,1.0,0.0,1.0,0.0,1.0,0.19776883527844435,0.8022311647215556
622.0,0.0,1.0,1.0,0.0,0.0,0.0,1.0,0.0906224272958428,0.9093775727041572
163.0,0.0,0.0,3.0,0.0,0.0,0.0,1.0,0.08232890227499368,0.9176710977250063
369.0,0.0,1.0,2.0,0.0,0.0,0.0,0.0,0.9953754083129996,0.0046245916870003775
183.0,0.0,0.0,2.0,0.0,0.0,0.0,1.0,0.08121917557013425,0.9187808244298658
162.0,0.0,0.0,6.0,1.0,0.0,0.0,0.0,0.5483599621153571,0.4516400378846429
51.0,0.0,1.0,1.0,1.0,0.0,0.0,1.0,0.13773694213338095,0.862263057866619
847.0,0.0,1.0,1.0,1.0,0.0,0.0,1.0,0.10838943364151288,0.8916105663584871
296.0,0.0,1.0,1.0,0.0,0.0,0.0,1.0,0.0906224272958428,0.9093775727041572
92.0,0.0,1.0,1.0,0.0,0.0,0.0,0.0,0.9691500791242844,0.03084992087571564
147.0,0.0,0.0,1.0,0.0,0.0,0.0,0.0,0.5894658417031593,0.41053415829684076
89.0,0.0,1.0,7.0,0.0,0.0,0.0,0.0,0.9577948522930265,0.042205147706973443
336.0,0.0,0.0,4.0,1.0,0.0,0.0,0.0,0.6393618576372653,0.3606381423627347
128.0,0.0,0.0,1.0,1.0,0.0,0.0,0.0,0.8952911818931089,0.10470881810689116
145.0,0.0,0.0,1.0,0.0,0.0,0.0,0.0,0.6564346540700233,0.3435653459299767
157.0,0.0,1.0,1.0,0.0,0.0,0.0,0.0,0.9260000946876376,0.07399990531236245
91.0,0.0,0.0,3.0,0.0,0.0,0.0,0.0,0.8799865960125719,0.12001340398742812
115.0,0.0,1.0,2.0,0.0,0.0,0.0,1.0,0.13326743811266784,0.8667325618873322
276.0,0.0,0.0,3.0,0.0,0.0,0.0,0.0,0.8445225046236834,0.1554774953763166
88.0,0.0,0.0,1.0,0.0,0.0,0.0,0.0,0.9229688919614888,0.07703110803851121
186.0,0.0,1.0,3.0,0.0,0.0,0.0,0.0,0.6152374238160363,0.3847625761839637
217.0,0.0,1.0,1.0,0.0,0.0,0.0,0.0,0.8829315565019797,0.11706844349802027
238.0,0.0,1.0,2.0,1.0,0.0,0.0,1.0,0.31661190910882975,0.6833880908911703
49.0,0.0,1.0,8.0,0.0,0.0,0.0,1.0,0.10714397971311806,0.8928560202868819
89.0,0.0,1.0,2.0,1.0,0.0,0.0,1.0,0.42762784394068376,0.5723721560593162
722.0,0.0,1.0,3.0,0.0,0.0,0.0,1.0,0.08123487180347999,0.91876512819652
251.0,0.0,1.0,3.0,1.0,0.0,0.0,1.0,0.35150463502216134,0.6484953649778387
167.0,0.0,0.0,3.0,0.0,0.0,0.0,0.0,0.5072827572178794,0.4927172427821206
330.0,0.0,1.0,1.0,1.0,0.0,0.0,1.0,0.03559117771440534,0.9644088222855947
74.0,0.0,1.0,3.0,0.0,0.0,0.0,1.0,0.19776883527844435,0.8022311647215556
180.0,0.0,1.0,2.0,0.0,0.0,0.0,1.0,0.10865953216741508,0.8913404678325849
203.0,0.0,0.0,2.0,0.0,0.0,0.0,1.0,0.3295591391591347,0.6704408608408653
167.0,0.0,1.0,2.0,0.0,0.0,0.0,1.0,0.10640359996650395,0.893596400033496
313.0,0.0,1.0,2.0,0.0,0.0,0.0,0.0,0.6290683372727193,0.37093166272728073
461.0,0.0,1.0,1.0,0.0,0.0,0.0,1.0,0.2691155384148307,0.7308844615851693
243.0,0.0,0.0,1.0,0.0,0.0,0.0,1.0,0.10382087234467041,0.8961791276553296
42.0,0.0,1.0,1.0,0.0,0.0,0.0,0.0,0.9898216938460944,0.010178306153905579
142.0,0.0,0.0,1.0,1.0,0.0,0.0,0.0,0.8027473042443058,0.19725269575569415
283.0,0.0,0.0,1.0,1.0,0.0,0.0,0.0,0.6550286323508194,0.3449713676491806
188.0,0.0,1.0,7.0,1.0,0.0,0.0,0.0,0.6551087780766548,0.3448912219233452
78.0,0.0,0.0,4.0,1.0,0.0,0.0,1.0,0.1623775297685841,0.8376224702314159
306.0,0.0,0.0,1.0,1.0,0.0,0.0,1.0,0.31645502427904215,0.6835449757209578
100.0,0.0,1.0,2.0,1.0,0.0,0.0,0.0,0.9968118036626176,0.0031881963373824114
121.0,0.0,0.0,1.0,0.0,0.0,0.0,1.0,0.3754380650936123,0.6245619349063877
81.0,0.0,0.0,1.0,1.0,0.0,0.0,0.0,0.7960320508098788,0.20396794919012123
29.0,0.0,1.0,3.0,0.0,0.0,0.0,1.0,0.061617526814848556,0.9383824731851514
49.0,0.0,0.0,1.0,1.0,0.0,0.0,0.0,0.8467739849515984,0.15322601504840158
175.0,0.0,1.0,1.0,0.0,0.0,0.0,0.0,0.8590124695536419,0.14098753044635814
308.0,0.0,0.0,1.0,0.0,0.0,0.0,1.0,0.10618985086814492,0.8938101491318551
193.0,0.0,1.0,2.0,0.0,0.0,0.0,0.0,0.9968005163455715,0.003199483654428451
90.0,0.0,1.0,1.0,1.0,0.0,0.0,0.0,0.8793272662394598,0.12067273376054018
118.0,0.0,1.0,1.0,0.0,0.0,0.0,0.0,0.6290683372727193,0.37093166272728073
122.0,0.0,1.0,2.0,0.0,0.0,0.0,0.0,0.990353495068639,0.00964650493136097
211.0,0.0,1.0,2.0,1.0,0.0,0.0,0.0,0.9923491346942502,0.00765086530574978
127.0,0.0,1.0,2.0,1.0,0.0,0.0,0.0,0.9229688919614888,0.07703110803851121
57.0,0.0,1.0,1.0,0.0,0.0,0.0,0.0,0.5894658417031593,0.41053415829684076
1101.0,0.0,1.0,1.0,0.0,0.0,0.0,1.0,0.05007064935350436,0.9499293506464956
147.0,0.0,1.0,1.0,0.0,0.0,0.0,0.0,0.9698721182978609,0.03012788170213912
419.0,0.0,0.0,1.0,0.0,0.0,0.0,0.0,0.9257927924815487,0.07420720751845138
115.0,0.0,1.0,2.0,0.0,0.0,0.0,0.0,0.9942171145058486,0.005782885494151398
271.0,0.0,0.0,1.0,0.0,0.0,0.0,1.0,0.12044838369506028,0.8795516163049397
37.0,0.0,0.0,3.0,0.0,0.0,0.0,0.0,0.7962714016753072,0.20372859832469287
119.0,0.0,1.0,1.0,0.0,0.0,0.0,0.0,0.9831352072295312,0.016864792770468866
61.0,0.0,1.0,4.0,1.0,0.0,0.0,0.0,0.7326346017522268,0.26736539824777317
10.0,0.0,1.0,3.0,0.0,0.0,0.0,0.0,0.8827892201955077,0.1172107798044923
209.0,0.0,0.0,4.0,1.0,0.0,0.0,0.0,0.863347179930452,0.136652820069548
554.0,0.0,1.0,3.0,0.0,0.0,0.0,0.0,0.7642198692390071,0.2357801307609929
307.0,0.0,0.0,1.0,0.0,0.0,0.0,0.0,0.9655247413333286,0.03447525866667144
142.0,0.0,1.0,3.0,0.0,0.0,0.0,0.0,0.7353326720109647,0.2646673279890353
243.0,0.0,1.0,1.0,0.0,0.0,0.0,1.0,0.16366137562870564,0.8363386243712944
112.0,0.0,1.0,2.0,1.0,0.0,0.0,1.0,0.2375469682866982,0.7624530317133018
390.0,0.0,1.0,1.0,0.0,0.0,0.0,1.0,0.08521067629476076,0.9147893237052392
292.0,0.0,1.0,1.0,0.0,0.0,0.0,0.0,0.9939264992057482,0.006073500794251801
42.0,0.0,1.0,2.0,0.0,0.0,0.0,1.0,0.441557770329296,0.558442229670704
44.0,0.0,1.0,1.0,1.0,0.0,0.0,1.0,0.09235571129075326,0.9076442887092467
223.0,0.0,1.0,2.0,0.0,0.0,0.0,0.0,0.952531825349827,0.04746817465017298
53.0,0.0,0.0,1.0,1.0,0.0,0.0,1.0,0.20382588229835907,0.7961741177016409
446.0,0.0,1.0,1.0,0.0,0.0,0.0,1.0,0.057317247343024236,0.9426827526569758
124.0,0.0,1.0,3.0,0.0,0.0,0.0,1.0,0.42963921498136237,0.5703607850186376
11.0,0.0,0.0,3.0,0.0,0.0,0.0,0.0,0.5859156360953133,0.4140843639046867
203.0,0.0,0.0,1.0,1.0,0.0,0.0,0.0,0.9336903664873979,0.06630963351260208
417.0,0.0,1.0,1.0,1.0,0.0,0.0,0.0,0.8644138857952895,0.13558611420471045
308.0,0.0,1.0,3.0,1.0,0.0,0.0,0.0,0.984138883232372,0.015861116767627977
84.0,0.0,1.0,1.0,1.0,0.0,0.0,0.0,0.8027473042443058,0.19725269575569415
368.0,0.0,1.0,4.0,1.0,0.0,0.0,1.0,0.18390703943221087,0.8160929605677891
82.0,0.0,1.0,3.0,0.0,0.0,0.0,1.0,0.20438318009922596,0.795616819900774
66.0,0.0,0.0,1.0,0.0,0.0,0.0,1.0,0.38220780374307517,0.6177921962569248
227.0,0.0,1.0,2.0,0.0,0.0,0.0,0.0,0.6779828474666094,0.32201715253339064
130.0,0.0,1.0,1.0,0.0,0.0,0.0,0.0,0.9231834283417204,0.07681657165827956
191.0,0.0,0.0,1.0,0.0,0.0,0.0,1.0,0.4517229184103203,0.5482770815896797
112.0,0.0,1.0,1.0,1.0,0.0,0.0,1.0,0.19353325101414465,0.8064667489858554
89.0,0.0,0.0,5.0,0.0,0.0,0.0,1.0,0.13605678823976874,0.8639432117602313
42.0,0.0,1.0,10.0,0.0,0.0,0.0,0.0,0.9691825508605726,0.030817449139427425
213.0,0.0,1.0,2.0,0.0,0.0,0.0,1.0,0.07072385337787346,0.9292761466221265
191.0,0.0,0.0,3.0,0.0,0.0,0.0,0.0,0.9868827033373545,0.013117296662645493
271.0,0.0,1.0,3.0,0.0,0.0,0.0,0.0,0.7962714016753072,0.20372859832469287
158.0,0.0,1.0,4.0,1.0,0.0,0.0,0.0,0.709293745190634,0.2907062548093659
221.0,0.0,1.0,1.0,1.0,0.0,0.0,1.0,0.3339622417806538,0.6660377582193462
147.0,0.0,1.0,1.0,0.0,0.0,0.0,0.0,0.9898216938460944,0.010178306153905579
173.0,0.0,0.0,1.0,0.0,0.0,0.0,1.0,0.29885960614178797,0.701140393858212
85.0,0.0,1.0,1.0,0.0,0.0,0.0,0.0,0.9229688919614888,0.07703110803851121
134.0,0.0,0.0,2.0,0.0,0.0,0.0,1.0,0.08840941042536254,0.9115905895746375
187.0,0.0,1.0,1.0,0.0,0.0,0.0,1.0,0.27225741963200367,0.7277425803679963
366.0,0.0,0.0,2.0,0.0,0.0,0.0,1.0,0.1906051361723179,0.8093948638276821
270.0,0.0,1.0,1.0,0.0,0.0,0.0,0.0,0.9250097421145139,0.07499025788548612
183.0,0.0,0.0,1.0,0.0,0.0,0.0,1.0,0.21060442163376614,0.7893955783662339
270.0,0.0,0.0,2.0,1.0,0.0,0.0,1.0,0.4316882338901479,0.5683117661098521
119.0,0.0,0.0,1.0,0.0,0.0,0.0,1.0,0.33061311384781944,0.6693868861521806
158.0,0.0,0.0,1.0,1.0,0.0,0.0,1.0,0.05394246804410041,0.9460575319558996
93.0,0.0,1.0,14.0,0.0,1.0,0.0,0.0,0.9923491346942502,0.00765086530574978
401.0,0.0,1.0,2.0,0.0,0.0,0.0,1.0,0.15808986910133138,0.8419101308986686
93.0,0.0,0.0,1.0,1.0,0.0,0.0,0.0,0.6690993122250273,0.3309006877749727
280.0,0.0,1.0,2.0,1.0,0.0,0.0,1.0,0.2375469682866982,0.7624530317133018
184.0,0.0,1.0,1.0,1.0,0.0,0.0,0.0,0.9209504648880374,0.07904953511196251
39.0,0.0,1.0,4.0,0.0,0.0,0.0,0.0,0.6917322354893858,0.30826776451061416
207.0,0.0,1.0,1.0,0.0,0.0,0.0,1.0,0.3295591391591347,0.6704408608408653
225.0,0.0,1.0,2.0,0.0,0.0,0.0,1.0,0.15867899553248388,0.8413210044675161
367.0,0.0,0.0,1.0,0.0,0.0,0.0,1.0,0.38890198405189547,0.6110980159481045
611.0,0.0,1.0,2.0,0.0,0.0,0.0,1.0,0.2375469682866982,0.7624530317133018
158.0,0.0,0.0,3.0,0.0,0.0,0.0,1.0,0.3983618916920776,0.6016381083079224
221.0,0.0,0.0,3.0,0.0,0.0,0.0,0.0,0.8470223528177315,0.15297764718226844
260.0,0.0,1.0,1.0,1.0,0.0,0.0,1.0,0.4517229184103203,0.5482770815896797
93.0,0.0,0.0,4.0,0.0,0.0,0.0,1.0,0.4220318551580834,0.5779681448419166
70.0,0.0,1.0,6.0,0.0,0.0,0.0,1.0,0.371894564304032,0.628105435695968
376.0,0.0,0.0,1.0,0.0,0.0,0.0,0.0,0.5067162112157861,0.49328378878421386
152.0,0.0,1.0,2.0,0.0,0.0,0.0,0.0,0.8557622605061213,0.1442377394938788
242.0,0.0,0.0,6.0,0.0,0.0,0.0,0.0,0.5872395796549559,0.4127604203450442
81.0,0.0,1.0,4.0,0.0,0.0,0.0,1.0,0.16714779250065015,0.8328522074993499
56.0,0.0,1.0,3.0,0.0,0.0,0.0,0.0,0.930372532078685,0.06962746792131505
